date,aapl_close,fed_rate
2015-01-02,24.214889526367188,0.11
2015-01-05,23.532718658447266,0.11
2015-01-06,23.53493881225586,0.11
2015-01-07,23.864953994750977,0.11
2015-01-08,24.781892776489254,0.11
2015-01-09,24.808469772338867,0.11
2015-01-12,24.197174072265625,0.11
2015-01-13,24.412019729614254,0.11
2015-01-14,24.31899070739746,0.11
2015-01-15,23.658964157104492,0.11
2015-01-16,23.475135803222656,0.11
2015-01-20,24.079788208007812,0.11
2015-01-21,24.26361846923828,0.11
2015-01-22,24.894851684570312,0.11
2015-01-23,25.02331161499023,0.11
2015-01-26,25.04988670349121,0.11
2015-01-27,24.172805786132812,0.11
2015-01-28,25.539369583129883,0.11
2015-01-29,26.33449935913086,0.11
2015-01-30,25.94911766052246,0.11
2015-02-02,26.274696350097656,0.11
2015-02-03,26.27912139892578,0.11
2015-02-04,26.48067855834961,0.11
2015-02-05,26.66968536376953,0.11
2015-02-06,26.445104598999023,0.11
2015-02-09,26.62076759338379,0.11
2015-02-10,27.132183074951172,0.11
2015-02-11,27.76813316345215,0.11
2015-02-12,28.119455337524418,0.11
2015-02-13,28.257322311401367,0.11
2015-02-17,28.424095153808594,0.11
2015-02-18,28.621992111206055,0.11
2015-02-19,28.561954498291016,0.11
2015-02-20,28.795434951782227,0.11
2015-02-23,29.573684692382812,0.11
2015-02-24,29.38913345336914,0.11
2015-02-25,28.637561798095703,0.11
2015-02-26,28.9999942779541,0.11
2015-02-27,28.564180374145508,0.11
2015-03-02,28.70426368713379,0.11
2015-03-03,28.76429748535156,0.11
2015-03-04,28.58197021484375,0.11
2015-03-05,28.10834312438965,0.11
2015-03-06,28.15059280395508,0.11
2015-03-09,28.270662307739254,0.11
2015-03-10,27.685869216918945,0.11
2015-03-11,27.181114196777344,0.11
2015-03-12,27.67251968383789,0.11
2015-03-13,27.48128890991211,0.11
2015-03-16,27.783700942993164,0.11
2015-03-17,28.248430252075195,0.11
2015-03-18,28.566402435302734,0.11
2015-03-19,28.35071182250977,0.11
2015-03-20,27.994935989379883,0.11
2015-03-23,28.28622817993164,0.11
2015-03-24,28.17060089111328,0.11
2015-03-25,27.434595108032227,0.11
2015-03-26,27.62582015991211,0.11
2015-03-27,27.405691146850582,0.11
2015-03-30,28.099443435668945,0.11
2015-03-31,27.66807556152344,0.11
2015-04-01,27.628053665161133,0.12
2015-04-02,27.8659725189209,0.12
2015-04-06,28.31736183166504,0.12
2015-04-07,28.019399642944336,0.12
2015-04-08,27.928232192993164,0.12
2015-04-09,28.141698837280273,0.12
2015-04-10,28.26177215576172,0.12
2015-04-13,28.206178665161133,0.12
2015-04-14,28.083892822265625,0.12
2015-04-15,28.19061851501465,0.12
2015-04-16,28.054977416992188,0.12
2015-04-17,27.73923683166504,0.12
2015-04-20,28.372949600219727,0.12
2015-04-21,28.219528198242188,0.12
2015-04-22,28.59975814819336,0.12
2015-04-23,28.833229064941406,0.12
2015-04-24,28.96886825561523,0.12
2015-04-27,29.495853424072266,0.12
2015-04-28,29.0311279296875,0.12
2015-04-29,28.604209899902344,0.12
2015-04-30,27.828170776367188,0.12
2015-05-01,28.67313766479492,0.12
2015-05-04,28.61753845214844,0.12
2015-05-05,27.97270774841309,0.12
2015-05-06,27.797039031982425,0.12
2015-05-07,27.96898078918457,0.12
2015-05-08,28.495935440063477,0.12
2015-05-11,28.205657958984375,0.12
2015-05-12,28.10518455505371,0.12
2015-05-13,28.136438369750977,0.12
2015-05-14,28.79290771484375,0.12
2015-05-15,28.752714157104492,0.12
2015-05-18,29.06978225708008,0.12
2015-05-19,29.04298973083496,0.12
2015-05-20,29.04075050354004,0.12
2015-05-21,29.337730407714844,0.12
2015-05-22,29.594501495361328,0.12
2015-05-26,28.94250869750977,0.12
2015-05-27,29.482860565185547,0.12
2015-05-28,29.424806594848633,0.12
2015-05-29,29.089872360229492,0.12
2015-06-01,29.14793586730957,0.13
2015-06-02,29.018415451049805,0.13
2015-06-03,29.054153442382812,0.13
2015-06-04,28.88444709777832,0.13
2015-06-05,28.725914001464844,0.13
2015-06-08,28.5361270904541,0.13
2015-06-09,28.451269149780273,0.13
2015-06-10,28.77727699279785,0.13
2015-06-11,28.712512969970703,0.13
2015-06-12,28.39545249938965,0.13
2015-06-15,28.33963203430176,0.13
2015-06-16,28.491466522216797,0.13
2015-06-17,28.424480438232425,0.13
2015-06-18,28.553983688354492,0.13
2015-06-19,28.26818084716797,0.13
2015-06-22,28.49369430541992,0.13
2015-06-23,28.36419105529785,0.13
2015-06-24,28.60534286499023,0.13
2015-06-25,28.469135284423828,0.13
2015-06-26,28.301671981811523,0.13
2015-06-29,27.80597686767578,0.13
2015-06-30,28.006933212280273,0.13
2015-07-01,28.26818084716797,0.13
2015-07-02,28.23244857788086,0.13
2015-07-06,28.134206771850582,0.13
2015-07-07,28.064990997314453,0.13
2015-07-08,27.36833381652832,0.13
2015-07-09,26.810117721557617,0.13
2015-07-10,27.52686309814453,0.13
2015-07-13,28.058292388916016,0.13
2015-07-14,28.0471248626709,0.13
2015-07-15,28.31730079650879,0.13
2015-07-16,28.694660186767575,0.13
2015-07-17,28.94250869750977,0.13
2015-07-20,29.48957061767578,0.13
2015-07-21,29.19481658935547,0.13
2015-07-22,27.96004295349121,0.13
2015-07-23,27.9466495513916,0.13
2015-07-24,27.79928398132324,0.13
2015-07-27,27.412994384765625,0.13
2015-07-28,27.54919052124023,0.13
2015-07-29,27.46210670471191,0.13
2015-07-30,27.323671340942383,0.13
2015-07-31,27.08475685119629,0.13
2015-08-03,26.44615364074707,0.14
2015-08-04,25.597660064697266,0.14
2015-08-05,25.76736640930176,0.14
2015-08-06,25.823429107666016,0.14
2015-08-07,25.910911560058594,0.14
2015-08-10,26.85296630859375,0.14
2015-08-11,25.455583572387695,0.14
2015-08-12,25.84810256958008,0.14
2015-08-13,25.827919006347656,0.14
2015-08-14,26.009601593017575,0.14
2015-08-17,26.278762817382812,0.14
2015-08-18,26.1307315826416,0.14
2015-08-19,25.79651641845703,0.14
2015-08-20,25.267181396484375,0.14
2015-08-21,23.721757888793945,0.14
2015-08-24,23.12961769104004,0.14
2015-08-25,23.2686767578125,0.14
2015-08-26,24.603256225585938,0.14
2015-08-27,25.32774353027344,0.14
2015-08-28,25.410724639892575,0.14
2015-08-31,25.29185485839844,0.14
2015-09-01,24.16138458251953,0.14
2015-09-02,25.197643280029297,0.14
2015-09-03,24.755775451660156,0.14
2015-09-04,24.509050369262695,0.14
2015-09-08,25.19091796875,0.14
2015-09-09,24.706432342529297,0.14
2015-09-10,25.249238967895508,0.14
2015-09-11,25.617082595825195,0.14
2015-09-14,25.86380958557129,0.14
2015-09-15,26.081377029418945,0.14
2015-09-16,26.110532760620117,0.14
2015-09-17,25.552032470703125,0.14
2015-09-18,25.44661521911621,0.14
2015-09-21,25.841381072998047,0.14
2015-09-22,25.43539810180664,0.14
2015-09-23,25.641748428344727,0.14
2015-09-24,25.794275283813477,0.14
2015-09-25,25.729232788085938,0.14
2015-09-28,25.220073699951172,0.14
2015-09-29,24.461944580078125,0.14
2015-09-30,24.740076065063477,0.14
2015-10-01,24.578584671020508,0.12
2015-10-02,24.75802230834961,0.12
2015-10-05,24.847736358642575,0.12
2015-10-06,24.966629028320312,0.12
2015-10-07,24.847736358642575,0.12
2015-10-08,24.560638427734375,0.12
2015-10-09,25.148296356201172,0.12
2015-10-12,25.031661987304688,0.12
2015-10-13,25.07427978515625,0.12
2015-10-14,24.71988868713379,0.12
2015-10-15,25.089975357055664,0.12
2015-10-16,24.90605354309082,0.12
2015-10-19,25.06081771850586,0.12
2015-10-20,25.518388748168945,0.12
2015-10-21,25.516151428222656,0.12
2015-10-22,25.906423568725582,0.12
2015-10-23,26.709413528442383,0.12
2015-10-26,25.857074737548828,0.12
2015-10-27,25.693336486816406,0.12
2015-10-28,26.75202178955078,0.12
2015-10-29,27.03464126586914,0.12
2015-10-30,26.803613662719727,0.12
2015-11-02,27.18044090270996,0.12
2015-11-03,27.49221420288086,0.12
2015-11-04,27.364362716674805,0.12
2015-11-05,27.238218307495117,0.12
2015-11-06,27.269750595092773,0.12
2015-11-09,27.159378051757812,0.12
2015-11-10,26.30339813232422,0.12
2015-11-11,26.15471839904785,0.12
2015-11-12,26.06687355041504,0.12
2015-11-13,25.305503845214844,0.12
2015-11-16,25.719974517822266,0.12
2015-11-17,25.609596252441406,0.12
2015-11-18,26.420530319213867,0.12
2015-11-19,26.75616455078125,0.12
2015-11-20,26.873302459716797,0.12
2015-11-23,26.524145126342773,0.12
2015-11-24,26.778688430786133,0.12
2015-11-25,26.587221145629883,0.12
2015-11-27,26.53765296936035,0.12
2015-11-30,26.648040771484375,0.12
2015-12-01,26.431795120239254,0.24
2015-12-02,26.193021774291992,0.24
2015-12-03,25.949735641479492,0.24
2015-12-04,26.812471389770508,0.24
2015-12-07,26.643535614013672,0.24
2015-12-08,26.63226890563965,0.24
2015-12-09,26.044349670410156,0.24
2015-12-10,26.16823387145996,0.24
2015-12-11,25.49471664428711,0.24
2015-12-14,25.3370418548584,0.24
2015-12-15,24.888765335083008,0.24
2015-12-16,25.080242156982425,0.24
2015-12-17,24.548633575439453,0.24
2015-12-18,23.884124755859375,0.24
2015-12-21,24.176958084106445,0.24
2015-12-22,24.154436111450195,0.24
2015-12-23,24.46529197692871,0.24
2015-12-24,24.334644317626953,0.24
2015-12-28,24.06207275390625,0.24
2015-12-29,24.49457550048828,0.24
2015-12-30,24.174705505371097,0.24
2015-12-31,23.710678100585938,0.24
2016-01-04,23.730953216552734,0.34
2016-01-05,23.136268615722656,0.34
2016-01-06,22.683496475219727,0.34
2016-01-07,21.726146697998047,0.34
2016-01-08,21.841026306152344,0.34
2016-01-11,22.194684982299805,0.34
2016-01-12,22.51680564880371,0.34
2016-01-13,21.937896728515625,0.34
2016-01-14,22.417694091796875,0.34
2016-01-15,21.879322052001953,0.34
2016-01-19,21.773452758789062,0.34
2016-01-20,21.802732467651367,0.34
2016-01-21,21.692363739013672,0.34
2016-01-22,22.84567642211914,0.34
2016-01-25,22.399667739868164,0.34
2016-01-26,22.52356719970703,0.34
2016-01-27,21.043617248535156,0.34
2016-01-28,21.194541931152344,0.34
2016-01-29,21.926637649536133,0.34
2016-02-01,21.72164535522461,0.38
2016-02-02,21.282392501831055,0.38
2016-02-03,21.70362091064453,0.38
2016-02-04,21.87801742553711,0.38
2016-02-05,21.293691635131836,0.38
2016-02-08,21.51791763305664,0.38
2016-02-09,21.51337242126465,0.38
2016-02-10,21.350318908691406,0.38
2016-02-11,21.221216201782227,0.38
2016-02-12,21.28689193725586,0.38
2016-02-16,21.88706970214844,0.38
2016-02-17,22.22226333618164,0.38
2016-02-18,21.80100440979004,0.38
2016-02-19,21.751182556152344,0.38
2016-02-22,21.94142723083496,0.38
2016-02-23,21.4454345703125,0.38
2016-02-24,21.7647705078125,0.38
2016-02-25,21.91424560546875,0.38
2016-02-26,21.948219299316406,0.38
2016-02-29,21.89839553833008,0.38
2016-03-01,22.76807403564453,0.36
2016-03-02,22.81790542602539,0.36
2016-03-03,22.987764358520508,0.36
2016-03-04,23.329753875732425,0.36
2016-03-07,23.07155990600586,0.36
2016-03-08,22.88131523132324,0.36
2016-03-09,22.901704788208008,0.36
2016-03-10,22.913028717041016,0.36
2016-03-11,23.15989112854004,0.36
2016-03-14,23.21878242492676,0.36
2016-03-15,23.685331344604492,0.36
2016-03-16,24.000133514404297,0.36
2016-03-17,23.961633682250977,0.36
2016-03-18,23.98880958557129,0.36
2016-03-21,23.986549377441406,0.36
2016-03-22,24.16999626159668,0.36
2016-03-23,24.036375045776367,0.36
2016-03-24,23.93218421936035,0.36
2016-03-28,23.82347869873047,0.36
2016-03-29,24.387413024902344,0.36
2016-03-30,24.813201904296875,0.36
2016-03-31,24.68410873413086,0.36
2016-04-01,24.910585403442383,0.37
2016-04-04,25.1665096282959,0.37
2016-04-05,24.86982536315918,0.37
2016-04-06,25.13027000427246,0.37
2016-04-07,24.582191467285156,0.37
2016-04-08,24.60936737060547,0.37
2016-04-11,24.690895080566406,0.37
2016-04-12,25.01250457763672,0.37
2016-04-13,25.3748722076416,0.37
2016-04-14,25.38846015930176,0.37
2016-04-15,24.87887954711914,0.37
2016-04-18,24.342121124267575,0.37
2016-04-19,24.21302604675293,0.37
2016-04-20,24.262855529785156,0.37
2016-04-21,24.000133514404297,0.37
2016-04-22,23.934457778930664,0.37
2016-04-25,23.798574447631836,0.37
2016-04-26,23.63323974609375,0.37
2016-04-27,22.154319763183594,0.37
2016-04-28,21.47714614868164,0.37
2016-04-29,21.23027801513672,0.37
2016-05-02,21.207632064819336,0.37
2016-05-03,21.55640983581543,0.37
2016-05-04,21.33219337463379,0.37
2016-05-05,21.24561309814453,0.37
2016-05-06,21.127119064331055,0.37
2016-05-09,21.143077850341797,0.37
2016-05-10,21.286623001098633,0.37
2016-05-11,21.079273223876953,0.37
2016-05-12,20.58481788635254,0.37
2016-05-13,20.625837326049805,0.37
2016-05-16,21.391433715820312,0.37
2016-05-17,21.302576065063477,0.37
2016-05-18,21.54637908935547,0.37
2016-05-19,21.464353561401367,0.37
2016-05-20,21.6967716217041,0.37
2016-05-23,21.972476959228516,0.37
2016-05-24,22.307435989379883,0.37
2016-05-25,22.699352264404297,0.37
2016-05-26,22.879358291625977,0.37
2016-05-27,22.86568260192871,0.37
2016-05-31,22.7540340423584,0.37
2016-06-01,22.435029983520508,0.38
2016-06-02,22.26641845703125,0.38
2016-06-03,22.311986923217773,0.38
2016-06-06,22.473772048950195,0.38
2016-06-07,22.56490707397461,0.38
2016-06-08,22.544408798217773,0.38
2016-06-09,22.70618438720703,0.38
2016-06-10,22.51934051513672,0.38
2016-06-13,22.17983627319336,0.38
2016-06-14,22.20716857910156,0.38
2016-06-15,22.134258270263672,0.38
2016-06-16,22.22768211364746,0.38
2016-06-17,21.721839904785156,0.38
2016-06-20,21.669422149658203,0.38
2016-06-21,21.8539981842041,0.38
2016-06-22,21.77196502685547,0.38
2016-06-23,21.89728355407715,0.38
2016-06-24,21.28207015991211,0.38
2016-06-27,20.972177505493164,0.38
2016-06-28,21.325353622436523,0.38
2016-06-29,21.50992774963379,0.38
2016-06-30,21.783357620239254,0.38
2016-07-01,21.849435806274418,0.39
2016-07-05,21.644359588623047,0.39
2016-07-06,21.76740264892578,0.39
2016-07-07,21.860828399658203,0.39
2016-07-08,22.029443740844727,0.39
2016-07-11,22.097803115844727,0.39
2016-07-12,22.19805908203125,0.39
2016-07-13,22.072736740112305,0.39
2016-07-14,22.510225296020508,0.39
2016-07-15,22.50794792175293,0.39
2016-07-18,22.74720573425293,0.39
2016-07-19,22.756319046020508,0.39
2016-07-20,22.77682113647461,0.39
2016-07-21,22.65605735778809,0.39
2016-07-22,22.480602264404297,0.39
2016-07-25,22.17983627319336,0.39
2016-07-26,22.02716064453125,0.39
2016-07-27,23.458120346069336,0.39
2016-07-28,23.77484703063965,0.39
2016-07-29,23.7452335357666,0.39
2016-08-01,24.16448402404785,0.4
2016-08-02,23.80674934387207,0.4
2016-08-03,24.10523796081543,0.4
2016-08-04,24.254152297973633,0.4
2016-08-05,24.62299537658691,0.4
2016-08-08,24.826892852783203,0.4
2016-08-09,24.927684783935547,0.4
2016-08-10,24.74211883544922,0.4
2016-08-11,24.72608757019043,0.4
2016-08-12,24.78335952758789,0.4
2016-08-15,25.0811824798584,0.4
2016-08-16,25.058273315429688,0.4
2016-08-17,25.0216121673584,0.4
2016-08-18,24.989545822143555,0.4
2016-08-19,25.053691864013672,0.4
2016-08-22,24.85896110534668,0.4
2016-08-23,24.936851501464844,0.4
2016-08-24,24.74900245666504,0.4
2016-08-25,24.643617630004883,0.4
2016-08-26,24.499286651611328,0.4
2016-08-29,24.47179412841797,0.4
2016-08-30,24.283937454223633,0.4
2016-08-31,24.30684280395508,0.4
2016-09-01,24.451171875,0.4
2016-09-02,24.680265426635746,0.4
2016-09-06,24.67339515686035,0.4
2016-09-07,24.82459831237793,0.4
2016-09-08,24.173967361450195,0.4
2016-09-09,23.626436233520508,0.4
2016-09-12,24.155641555786133,0.4
2016-09-13,24.730667114257812,0.4
2016-09-14,25.60580825805664,0.4
2016-09-15,26.47635841369629,0.4
2016-09-16,26.327457427978516,0.4
2016-09-19,26.020471572875977,0.4
2016-09-20,26.018177032470703,0.4
2016-09-21,26.013593673706055,0.4
2016-09-22,26.25872802734375,0.4
2016-09-23,25.821165084838867,0.4
2016-09-26,25.860107421875,0.4
2016-09-27,25.908205032348633,0.4
2016-09-28,26.10523223876953,0.4
2016-09-29,25.699737548828125,0.4
2016-09-30,25.899045944213867,0.4
2016-10-03,25.777624130249023,0.4
2016-10-04,25.887592315673828,0.4
2016-10-05,25.899045944213867,0.4
2016-10-06,26.091487884521484,0.4
2016-10-07,26.130428314208984,0.4
2016-10-10,26.586332321166992,0.4
2016-10-11,26.643598556518555,0.4
2016-10-12,26.88185691833496,0.4
2016-10-13,26.799388885498047,0.4
2016-10-14,26.94829368591309,0.4
2016-10-17,26.92996406555176,0.4
2016-10-18,26.911651611328125,0.4
2016-10-19,26.83146095275879,0.4
2016-10-20,26.817716598510746,0.4
2016-10-21,26.712331771850582,0.4
2016-10-24,26.952880859375,0.4
2016-10-25,27.090330123901367,0.4
2016-10-26,26.480941772460938,0.4
2016-10-27,26.226652145385746,0.4
2016-10-28,26.05254364013672,0.4
2016-10-31,26.011301040649418,0.4
2016-11-01,25.54166030883789,0.41
2016-11-02,25.564563751220703,0.41
2016-11-03,25.290550231933594,0.41
2016-11-04,25.062578201293945,0.41
2016-11-07,25.42410469055176,0.41
2016-11-08,25.573780059814453,0.41
2016-11-09,25.532329559326172,0.41
2016-11-10,24.820796966552734,0.41
2016-11-11,24.968177795410156,0.41
2016-11-14,24.341835021972656,0.41
2016-11-15,24.664216995239254,0.41
2016-11-16,25.327392578125,0.41
2016-11-17,25.31818199157715,0.41
2016-11-18,25.343515396118164,0.41
2016-11-21,25.72806167602539,0.41
2016-11-22,25.744186401367188,0.41
2016-11-23,25.612924575805664,0.41
2016-11-25,25.741884231567383,0.41
2016-11-28,25.69121551513672,0.41
2016-11-29,25.66588973999023,0.41
2016-11-30,25.44943046569824,0.41
2016-12-01,25.212251663208008,0.54
2016-12-02,25.306665420532227,0.54
2016-12-05,25.124755859375,0.54
2016-12-06,25.31818199157715,0.54
2016-12-07,25.56687355041504,0.54
2016-12-08,25.8178653717041,0.54
2016-12-09,26.23926544189453,0.54
2016-12-12,26.089582443237305,0.54
2016-12-13,26.524797439575195,0.54
2016-12-14,26.524797439575195,0.54
2016-12-15,26.669864654541016,0.54
2016-12-16,26.704408645629883,0.54
2016-12-19,26.858688354492188,0.54
2016-12-20,26.93007469177246,0.54
2016-12-21,26.955408096313477,0.54
2016-12-22,26.778095245361328,0.54
2016-12-23,26.831052780151367,0.54
2016-12-27,27.001453399658203,0.54
2016-12-28,26.886322021484375,0.54
2016-12-29,26.879411697387695,0.54
2016-12-30,26.669864654541016,0.54
2017-01-03,26.745859146118164,0.65
2017-01-04,26.715911865234375,0.65
2017-01-05,26.851778030395508,0.65
2017-01-06,27.151134490966797,0.65
2017-01-09,27.399826049804688,0.65
2017-01-10,27.42745018005371,0.65
2017-01-11,27.57483291625977,0.65
2017-01-12,27.459692001342773,0.65
2017-01-13,27.41133499145508,0.65
2017-01-17,27.63239288330078,0.65
2017-01-18,27.630096435546875,0.65
2017-01-19,27.58173942565918,0.65
2017-01-20,27.63239288330078,0.65
2017-01-23,27.650814056396484,0.65
2017-01-24,27.62548828125,0.65
2017-01-25,28.065296173095703,0.65
2017-01-26,28.079124450683594,0.65
2017-01-27,28.081422805786133,0.65
2017-01-30,28.007734298706055,0.65
2017-01-31,27.943262100219727,0.65
2017-02-01,29.64725685119629,0.66
2017-02-02,29.596595764160156,0.66
2017-02-03,29.72324562072754,0.66
2017-02-06,30.001874923706055,0.66
2017-02-07,30.28740501403809,0.66
2017-02-08,30.40485382080078,0.66
2017-02-09,30.624557495117188,0.66
2017-02-10,30.555166244506836,0.66
2017-02-13,30.82575225830078,0.66
2017-02-14,31.225839614868164,0.66
2017-02-15,31.339176177978516,0.66
2017-02-16,31.30215835571289,0.66
2017-02-17,31.38775062561035,0.66
2017-02-21,31.6143798828125,0.66
2017-02-22,31.709203720092773,0.66
2017-02-23,31.575071334838867,0.66
2017-02-24,31.605125427246097,0.66
2017-02-27,31.667572021484375,0.66
2017-02-28,31.681446075439453,0.66
2017-03-01,32.32899856567383,0.79
2017-03-02,32.13705062866211,0.79
2017-03-03,32.326698303222656,0.79
2017-03-06,32.224918365478516,0.79
2017-03-07,32.26655197143555,0.79
2017-03-08,32.14628982543945,0.79
2017-03-09,32.072288513183594,0.79
2017-03-10,32.17867660522461,0.79
2017-03-13,32.19254684448242,0.79
2017-03-14,32.14398193359375,0.79
2017-03-15,32.48395538330078,0.79
2017-03-16,32.53714370727539,0.79
2017-03-17,32.37525177001953,0.79
2017-03-20,32.71522521972656,0.79
2017-03-21,32.3405647277832,0.79
2017-03-22,32.70597457885742,0.79
2017-03-23,32.590335845947266,0.79
2017-03-24,32.525577545166016,0.79
2017-03-27,32.58108901977539,0.79
2017-03-28,33.25638198852539,0.79
2017-03-29,33.33038330078125,0.79
2017-03-30,33.28645706176758,0.79
2017-03-31,33.22401428222656,0.79
2017-04-03,33.2332649230957,0.9
2017-04-04,33.48072052001953,0.9
2017-04-05,33.30725860595703,0.9
2017-04-06,33.22401428222656,0.9
2017-04-07,33.149993896484375,0.9
2017-04-10,33.11069107055664,0.9
2017-04-11,32.75453567504883,0.9
2017-04-12,32.79384994506836,0.9
2017-04-13,32.62040710449219,0.9
2017-04-17,32.800785064697266,0.9
2017-04-18,32.65509033203125,0.9
2017-04-19,32.534828186035156,0.9
2017-04-20,32.94185256958008,0.9
2017-04-21,32.90254211425781,0.9
2017-04-24,33.219390869140625,0.9
2017-04-25,33.42519760131836,0.9
2017-04-26,33.22862243652344,0.9
2017-04-27,33.25407791137695,0.9
2017-04-28,33.2216911315918,0.9
2017-05-01,33.899314880371094,0.91
2017-05-02,34.1143913269043,0.91
2017-05-03,34.010311126708984,0.91
2017-05-04,33.88775634765625,0.91
2017-05-05,34.449729919433594,0.91
2017-05-08,35.38636016845703,0.91
2017-05-09,35.613014221191406,0.91
2017-05-10,35.44417190551758,0.91
2017-05-11,35.75071716308594,0.91
2017-05-12,36.250003814697266,0.91
2017-05-15,36.1571044921875,0.91
2017-05-16,36.10370635986328,0.91
2017-05-17,34.8914909362793,0.91
2017-05-18,35.42327880859375,0.91
2017-05-19,35.54404067993164,0.91
2017-05-22,35.760009765625,0.91
2017-05-23,35.71588897705078,0.91
2017-05-24,35.60905456542969,0.91
2017-05-25,35.73214340209961,0.91
2017-05-26,35.671749114990234,0.91
2017-05-30,35.68569564819336,0.91
2017-05-31,35.474365234375,0.91
2017-06-01,35.57190704345703,1.04
2017-06-02,36.09905242919922,1.04
2017-06-05,35.74605941772461,1.04
2017-06-06,35.86681365966797,1.04
2017-06-07,36.08047103881836,1.04
2017-06-08,35.99223327636719,1.04
2017-06-09,34.5965576171875,1.04
2017-06-12,33.76985549926758,1.04
2017-06-13,34.04156494140625,1.04
2017-06-14,33.70946502685547,1.04
2017-06-15,33.5074462890625,1.04
2017-06-16,33.03834533691406,1.04
2017-06-19,33.98351287841797,1.04
2017-06-20,33.67463302612305,1.04
2017-06-21,33.874359130859375,1.04
2017-06-22,33.81862258911133,1.04
2017-06-23,33.96956253051758,1.04
2017-06-26,33.86274337768555,1.04
2017-06-27,33.37739944458008,1.04
2017-06-28,33.86506271362305,1.04
2017-06-29,33.365787506103516,1.04
2017-06-30,33.444740295410156,1.04
2017-07-03,33.323974609375,1.15
2017-07-05,33.461002349853516,1.15
2017-07-06,33.145179748535156,1.15
2017-07-07,33.48188781738281,1.15
2017-07-10,33.68625259399414,1.15
2017-07-11,33.79539108276367,1.15
2017-07-12,33.84416961669922,1.15
2017-07-13,34.31558609008789,1.15
2017-07-14,34.610496520996094,1.15
2017-07-17,34.73125076293945,1.15
2017-07-18,34.85200881958008,1.15
2017-07-19,35.07030487060547,1.15
2017-07-20,34.91239547729492,1.15
2017-07-21,34.89613723754883,1.15
2017-07-24,35.31877517700195,1.15
2017-07-25,35.4697151184082,1.15
2017-07-26,35.636940002441406,1.15
2017-07-27,34.96348190307617,1.15
2017-07-28,34.71731948852539,1.15
2017-07-31,34.538516998291016,1.15
2017-08-01,34.84504318237305,1.16
2017-08-02,36.49150466918945,1.16
2017-08-03,36.126930236816406,1.16
2017-08-04,36.31733703613281,1.16
2017-08-07,36.87931060791016,1.16
2017-08-08,37.17423629760742,1.16
2017-08-09,37.40182876586914,1.16
2017-08-10,36.21050262451172,1.16
2017-08-11,36.71407699584961,1.16
2017-08-14,37.266597747802734,1.16
2017-08-15,37.674583435058594,1.16
2017-08-16,37.52304458618164,1.16
2017-08-17,36.80266189575195,1.16
2017-08-18,36.71873092651367,1.16
2017-08-21,36.651126861572266,1.16
2017-08-22,37.25027084350586,1.16
2017-08-23,37.296913146972656,1.16
2017-08-24,37.13139343261719,1.16
2017-08-25,37.26892852783203,1.16
2017-08-28,37.64427947998047,1.16
2017-08-29,37.97999572753906,1.16
2017-08-30,38.08256912231445,1.16
2017-08-31,38.23409652709961,1.16
2017-09-01,38.24576950073242,1.15
2017-09-05,37.7864875793457,1.15
2017-09-06,37.74685287475586,1.15
2017-09-07,37.59532165527344,1.15
2017-09-08,36.98218536376953,1.15
2017-09-11,37.65128326416016,1.15
2017-09-12,37.50206756591797,1.15
2017-09-13,37.2199821472168,1.15
2017-09-14,36.900596618652344,1.15
2017-09-15,37.27360534667969,1.15
2017-09-18,36.99150848388672,1.15
2017-09-19,37.005489349365234,1.15
2017-09-20,36.38535690307617,1.15
2017-09-21,35.76054382324219,1.15
2017-09-22,35.41084671020508,1.15
2017-09-25,35.098445892333984,1.15
2017-09-26,35.70227813720703,1.15
2017-09-27,35.956390380859375,1.15
2017-09-28,35.73490905761719,1.15
2017-09-29,35.93074417114258,1.15
2017-10-02,35.858463287353516,1.15
2017-10-03,36.01466751098633,1.15
2017-10-04,35.78153610229492,1.15
2017-10-05,36.22683334350586,1.15
2017-10-06,36.205841064453125,1.15
2017-10-09,36.331729888916016,1.15
2017-10-10,36.3457145690918,1.15
2017-10-11,36.49726867675781,1.15
2017-10-12,36.3690299987793,1.15
2017-10-13,36.59983825683594,1.15
2017-10-16,37.27360534667969,1.15
2017-10-17,37.41114044189453,1.15
2017-10-18,37.2456169128418,1.15
2017-10-19,36.36437225341797,1.15
2017-10-20,36.42732620239258,1.15
2017-10-23,36.40865707397461,1.15
2017-10-24,36.62549591064453,1.15
2017-10-25,36.464622497558594,1.15
2017-10-26,36.6977653503418,1.15
2017-10-27,38.01262664794922,1.15
2017-10-30,38.86824035644531,1.15
2017-10-31,39.40911483764648,1.15
2017-11-01,38.907859802246094,1.16
2017-11-02,39.192291259765625,1.16
2017-11-03,40.215763092041016,1.16
2017-11-06,40.62373733520508,1.16
2017-11-07,40.754295349121094,1.16
2017-11-08,41.08768844604492,1.16
2017-11-09,41.00375747680664,1.16
2017-11-10,40.868045806884766,1.16
2017-11-13,40.70426559448242,1.16
2017-11-14,40.08892059326172,1.16
2017-11-15,39.56014633178711,1.16
2017-11-16,40.03276443481445,1.16
2017-11-17,39.81049728393555,1.16
2017-11-20,39.770721435546875,1.16
2017-11-21,40.51007080078125,1.16
2017-11-22,40.935916900634766,1.16
2017-11-24,40.93825149536133,1.16
2017-11-27,40.73233795166016,1.16
2017-11-28,40.49370193481445,1.16
2017-11-29,39.65372467041016,1.16
2017-11-30,40.208251953125,1.16
2017-12-01,40.02107238769531,1.3
2017-12-04,39.72860336303711,1.3
2017-12-05,39.691158294677734,1.3
2017-12-06,39.54375457763672,1.3
2017-12-07,39.61629486083984,1.3
2017-12-08,39.62798309326172,1.3
2017-12-11,40.400108337402344,1.3
2017-12-12,40.17314910888672,1.3
2017-12-13,40.306514739990234,1.3
2017-12-14,40.29482650756836,1.3
2017-12-15,40.70426559448242,1.3
2017-12-18,41.27750778198242,1.3
2017-12-19,40.837623596191406,1.3
2017-12-20,40.793174743652344,1.3
2017-12-21,40.947601318359375,1.3
2017-12-22,40.947601318359375,1.3
2017-12-26,39.90876007080078,1.3
2017-12-27,39.9157829284668,1.3
2017-12-28,40.0280876159668,1.3
2017-12-29,39.595252990722656,1.3
2018-01-02,40.304176330566406,1.41
2018-01-03,40.29716491699219,1.41
2018-01-04,40.48434066772461,1.41
2018-01-05,40.94524765014648,1.41
2018-01-08,40.793174743652344,1.41
2018-01-09,40.78851318359375,1.41
2018-01-10,40.77913665771485,1.41
2018-01-11,41.010780334472656,1.41
2018-01-12,41.43426132202149,1.41
2018-01-16,41.22369384765625,1.41
2018-01-17,41.904544830322266,1.41
2018-01-18,41.94197463989258,1.41
2018-01-19,41.75481796264648,1.41
2018-01-22,41.41321563720703,1.41
2018-01-23,41.42256164550781,1.41
2018-01-24,40.76276016235352,1.41
2018-01-25,40.03510665893555,1.41
2018-01-26,40.128692626953125,1.41
2018-01-29,39.298095703125,1.41
2018-01-30,39.066463470458984,1.41
2018-01-31,39.17408752441406,1.41
2018-02-01,39.25597381591797,1.42
2018-02-02,37.55265426635742,1.42
2018-02-05,36.61442184448242,1.42
2018-02-06,38.14460754394531,1.42
2018-02-07,37.32804107666016,1.42
2018-02-08,36.3008918762207,1.42
2018-02-09,36.74490737915039,1.42
2018-02-12,38.22494888305664,1.42
2018-02-13,38.60789108276367,1.42
2018-02-14,39.3197021484375,1.42
2018-02-15,40.63999938964844,1.42
2018-02-16,40.50843811035156,1.42
2018-02-20,40.372188568115234,1.42
2018-02-21,40.18894958496094,1.42
2018-02-22,40.524879455566406,1.42
2018-02-23,41.22966766357422,1.42
2018-02-26,42.04486083984375,1.42
2018-02-27,41.90860366821289,1.42
2018-02-28,41.84517288208008,1.42
2018-03-01,41.11220169067383,1.51
2018-03-02,41.396461486816406,1.51
2018-03-05,41.53977966308594,1.51
2018-03-06,41.50453186035156,1.51
2018-03-07,41.11925506591797,1.51
2018-03-08,41.56795883178711,1.51
2018-03-09,42.28213882446289,1.51
2018-03-12,42.69091033935547,1.51
2018-03-13,42.27978515625,1.51
2018-03-14,41.92034912109375,1.51
2018-03-15,41.96968460083008,1.51
2018-03-16,41.82167434692383,1.51
2018-03-19,41.18268585205078,1.51
2018-03-20,41.168582916259766,1.51
2018-03-21,40.235931396484375,1.51
2018-03-22,39.66739654541016,1.51
2018-03-23,38.748836517333984,1.51
2018-03-26,40.58831024169922,1.51
2018-03-27,39.54758834838867,1.51
2018-03-28,39.11062240600586,1.51
2018-03-29,39.4160270690918,1.51
2018-04-02,39.1576042175293,1.69
2018-04-03,39.5593376159668,1.69
2018-04-04,40.31580352783203,1.69
2018-04-05,40.595359802246094,1.69
2018-04-06,39.55699920654297,1.69
2018-04-09,39.94931411743164,1.69
2018-04-10,40.701072692871094,1.69
2018-04-11,40.51079559326172,1.69
2018-04-12,40.91017532348633,1.69
2018-04-13,41.04877471923828,1.69
2018-04-16,41.30484390258789,1.69
2018-04-17,41.87336349487305,1.69
2018-04-18,41.77939224243164,1.69
2018-04-19,40.595359802246094,1.69
2018-04-20,38.93208312988281,1.69
2018-04-23,38.819313049316406,1.69
2018-04-24,38.27899169921875,1.69
2018-04-25,38.445770263671875,1.69
2018-04-26,38.5797004699707,1.69
2018-04-27,38.133331298828125,1.69
2018-04-30,38.824012756347656,1.69
2018-05-01,39.72613906860352,1.7
2018-05-02,41.48104476928711,1.7
2018-05-03,41.55622100830078,1.7
2018-05-04,43.18660354614258,1.7
2018-05-07,43.49904251098633,1.7
2018-05-08,43.70813751220703,1.7
2018-05-09,44.015892028808594,1.7
2018-05-10,44.64550018310547,1.7
2018-05-11,44.47570037841797,1.7
2018-05-14,44.37193298339844,1.7
2018-05-15,43.96865463256836,1.7
2018-05-16,44.379005432128906,1.7
2018-05-17,44.09836959838867,1.7
2018-05-18,43.93799591064453,1.7
2018-05-21,44.24930191040039,1.7
2018-05-22,44.138450622558594,1.7
2018-05-23,44.42145919799805,1.7
2018-05-24,44.37193298339844,1.7
2018-05-25,44.47334289550781,1.7
2018-05-29,44.3129768371582,1.7
2018-05-30,44.21864318847656,1.7
2018-05-31,44.070068359375,1.7
2018-06-01,44.86483001708984,1.82
2018-06-04,45.23979187011719,1.82
2018-06-05,45.58883285522461,1.82
2018-06-06,45.746826171875,1.82
2018-06-07,45.62419891357422,1.82
2018-06-08,45.20913314819336,1.82
2018-06-11,45.09830474853515,1.82
2018-06-12,45.34591293334961,1.82
2018-06-13,44.97332000732422,1.82
2018-06-14,44.99689102172851,1.82
2018-06-15,44.534664154052734,1.82
2018-06-18,44.51107025146485,1.82
2018-06-19,43.79178237915039,1.82
2018-06-20,43.98281478881836,1.82
2018-06-21,43.737545013427734,1.82
2018-06-22,43.61019515991211,1.82
2018-06-25,42.96165466308594,1.82
2018-06-26,43.49463653564453,1.82
2018-06-27,43.43097305297851,1.82
2018-06-28,43.74698638916016,1.82
2018-06-29,43.65500259399414,1.82
2018-07-02,44.14317321777344,1.91
2018-07-03,43.37436294555664,1.91
2018-07-05,43.72339630126953,1.91
2018-07-06,44.32948303222656,1.91
2018-07-09,44.94500732421875,1.91
2018-07-10,44.890777587890625,1.91
2018-07-11,44.30825424194336,1.91
2018-07-12,45.0511360168457,1.91
2018-07-13,45.12187957763672,1.91
2018-07-16,45.02284240722656,1.91
2018-07-17,45.15017318725586,1.91
2018-07-18,44.90256881713867,1.91
2018-07-19,45.2515869140625,1.91
2018-07-20,45.14781951904297,1.91
2018-07-23,45.18791961669922,1.91
2018-07-24,45.51570510864258,1.91
2018-07-25,45.94492721557617,1.91
2018-07-26,45.80109024047851,1.91
2018-07-27,45.039344787597656,1.91
2018-07-30,44.78700256347656,1.91
2018-07-31,44.876609802246094,1.91
2018-08-01,47.520301818847656,1.91
2018-08-02,48.90935516357422,1.91
2018-08-03,49.05085754394531,1.91
2018-08-06,49.30556106567383,1.91
2018-08-07,48.84331512451172,1.91
2018-08-08,48.876346588134766,1.91
2018-08-09,49.26074981689453,1.91
2018-08-10,49.114013671875,1.91
2018-08-13,49.43114471435547,1.91
2018-08-14,49.63941955566406,1.91
2018-08-15,49.75535583496094,1.91
2018-08-16,50.48427963256836,1.91
2018-08-17,51.49245071411133,1.91
2018-08-20,50.99074172973633,1.91
2018-08-21,50.891334533691406,1.91
2018-08-22,50.893699645996094,1.91
2018-08-23,50.997833251953125,1.91
2018-08-24,51.15639114379883,1.91
2018-08-27,51.577640533447266,1.91
2018-08-28,51.994163513183594,1.91
2018-08-29,52.77041244506836,1.91
2018-08-30,53.25556182861328,1.91
2018-08-31,53.870880126953125,1.91
2018-09-04,54.043643951416016,1.95
2018-09-05,53.69102478027344,1.95
2018-09-06,52.79881286621094,1.95
2018-09-07,52.372825622558594,1.95
2018-09-10,51.66994094848633,1.95
2018-09-11,52.97631072998047,1.95
2018-09-12,52.318389892578125,1.95
2018-09-13,53.582157135009766,1.95
2018-09-14,52.97394180297851,1.95
2018-09-17,51.56344223022461,1.95
2018-09-18,51.648643493652344,1.95
2018-09-19,51.67941665649414,1.95
2018-09-20,52.07227325439453,1.95
2018-09-21,51.51137924194336,1.95
2018-09-24,52.25212860107422,1.95
2018-09-25,52.58345413208008,1.95
2018-09-26,52.16455078125,1.95
2018-09-27,53.23663711547851,1.95
2018-09-28,53.42359161376953,1.95
2018-10-01,53.78331756591797,2.19
2018-10-02,54.261375427246094,2.19
2018-10-03,54.92165756225586,2.19
2018-10-04,53.95606994628906,2.19
2018-10-05,53.08043670654297,2.19
2018-10-08,52.957374572753906,2.19
2018-10-09,53.69102478027344,2.19
2018-10-10,51.20372772216797,2.19
2018-10-11,50.751712799072266,2.19
2018-10-12,52.56452560424805,2.19
2018-10-15,51.44038772583008,2.19
2018-10-16,52.57398223876953,2.19
2018-10-17,52.3467903137207,2.19
2018-10-18,51.1232795715332,2.19
2018-10-19,51.90187072753906,2.19
2018-10-22,52.218994140625,2.19
2018-10-23,52.71125411987305,2.19
2018-10-24,50.903167724609375,2.19
2018-10-25,52.017845153808594,2.19
2018-10-26,51.18952560424805,2.19
2018-10-29,50.22869110107422,2.19
2018-10-30,50.479549407958984,2.19
2018-10-31,51.79536819458008,2.19
2018-11-01,52.590572357177734,2.2
2018-11-02,49.102203369140625,2.2
2018-11-05,47.7082633972168,2.2
2018-11-06,48.224178314208984,2.2
2018-11-07,49.68674087524414,2.2
2018-11-08,49.51336669921875,2.2
2018-11-09,48.558685302734375,2.2
2018-11-12,46.11257553100586,2.2
2018-11-13,45.65185546875,2.2
2018-11-14,44.3623046875,2.2
2018-11-15,45.45710754394531,2.2
2018-11-16,45.960594177246094,2.2
2018-11-19,44.13908004760742,2.2
2018-11-20,42.03020095825195,2.2
2018-11-21,41.98270034790039,2.2
2018-11-23,40.91638946533203,2.2
2018-11-26,41.469730377197266,2.2
2018-11-27,41.37949752807617,2.2
2018-11-28,42.97063446044922,2.2
2018-11-29,42.64053726196289,2.2
2018-11-30,42.41018295288086,2.2
2018-12-03,43.89208984375,2.27
2018-12-04,41.96133041381836,2.27
2018-12-06,41.49347686767578,2.27
2018-12-07,40.013946533203125,2.27
2018-12-10,40.27756118774414,2.27
2018-12-11,40.04719543457031,2.27
2018-12-12,40.15883255004883,2.27
2018-12-13,40.598167419433594,2.27
2018-12-14,39.29911422729492,2.27
2018-12-17,38.93339157104492,2.27
2018-12-18,39.439231872558594,2.27
2018-12-19,38.20905685424805,2.27
2018-12-20,37.244876861572266,2.27
2018-12-21,35.79619598388672,2.27
2018-12-24,34.870018005371094,2.27
2018-12-26,37.32561874389648,2.27
2018-12-27,37.08338165283203,2.27
2018-12-28,37.10236358642578,2.27
2018-12-31,37.46097946166992,2.27
2019-01-02,37.50372695922851,2.4
2019-01-03,33.7680778503418,2.4
2019-01-04,35.20961380004883,2.4
2019-01-07,35.13123321533203,2.4
2019-01-08,35.800960540771484,2.4
2019-01-09,36.408931732177734,2.4
2019-01-10,36.52529525756836,2.4
2019-01-11,36.16667938232422,2.4
2019-01-14,35.622840881347656,2.4
2019-01-15,36.351924896240234,2.4
2019-01-16,36.796016693115234,2.4
2019-01-17,37.0145149230957,2.4
2019-01-18,37.242488861083984,2.4
2019-01-22,36.40654754638672,2.4
2019-01-23,36.55377960205078,2.4
2019-01-24,36.2640495300293,2.4
2019-01-25,37.46573257446289,2.4
2019-01-28,37.11899185180664,2.4
2019-01-29,36.73426055908203,2.4
2019-01-30,39.24449920654297,2.4
2019-01-31,39.527103424072266,2.4
2019-02-01,39.54609680175781,2.4
2019-02-04,40.669410705566406,2.4
2019-02-05,41.3652458190918,2.4
2019-02-06,41.37949752807617,2.4
2019-02-07,40.59579849243164,2.4
2019-02-08,40.64348983764648,2.4
2019-02-11,40.40975189208984,2.4
2019-02-12,40.75797271728515,2.4
2019-02-13,40.58863067626953,2.4
2019-02-14,40.73650741577149,2.4
2019-02-15,40.645870208740234,2.4
2019-02-19,40.76750946044922,2.4
2019-02-20,41.02986526489258,2.4
2019-02-21,40.79851150512695,2.4
2019-02-22,41.254058837890625,2.4
2019-02-25,41.554569244384766,2.4
2019-02-26,41.578426361083984,2.4
2019-02-27,41.70721435546875,2.4
2019-02-28,41.29697799682617,2.4
2019-03-01,41.7310676574707,2.41
2019-03-04,41.94095993041992,2.41
2019-03-05,41.86463165283203,2.41
2019-03-06,41.623741149902344,2.41
2019-03-07,41.14196014404297,2.41
2019-03-08,41.23975372314453,2.41
2019-03-11,42.66838073730469,2.41
2019-03-12,43.14778900146485,2.41
2019-03-13,43.33858871459961,2.41
2019-03-14,43.82036209106445,2.41
2019-03-15,44.390380859375,2.41
2019-03-18,44.84355163574219,2.41
2019-03-19,44.48817825317383,2.41
2019-03-20,44.87693405151367,2.41
2019-03-21,46.52976989746094,2.41
2019-03-22,45.56621551513672,2.41
2019-03-25,45.01527404785156,2.41
2019-03-26,44.5501823425293,2.41
2019-03-27,44.95086669921875,2.41
2019-03-28,45.010498046875,2.41
2019-03-29,45.30385208129883,2.41
2019-04-01,45.61152648925781,2.42
2019-04-02,46.27457046508789,2.42
2019-04-03,46.59178161621094,2.42
2019-04-04,46.672874450683594,2.42
2019-04-05,46.98530578613281,2.42
2019-04-08,47.72467803955078,2.42
2019-04-09,47.58157730102539,2.42
2019-04-10,47.84870529174805,2.42
2019-04-11,47.45038604736328,2.42
2019-04-12,47.43131637573242,2.42
2019-04-15,47.51717376708984,2.42
2019-04-16,47.52195358276367,2.42
2019-04-17,48.44734191894531,2.42
2019-04-18,48.6214485168457,2.42
2019-04-22,48.78125,2.42
2019-04-23,49.48484420776367,2.42
2019-04-24,49.40851593017578,2.42
2019-04-25,48.96012878417969,2.42
2019-04-26,48.72639083862305,2.42
2019-04-29,48.80033493041992,2.42
2019-04-30,47.860618591308594,2.42
2019-05-01,50.20988845825195,2.39
2019-05-02,49.88313293457031,2.39
2019-05-03,50.50325393676758,2.39
2019-05-06,49.72333526611328,2.39
2019-05-07,48.38294982910156,2.39
2019-05-08,48.392486572265625,2.39
2019-05-09,47.872554779052734,2.39
2019-05-10,47.20935821533203,2.39
2019-05-13,44.46556854248047,2.39
2019-05-14,45.16946792602539,2.39
2019-05-15,45.71056365966797,2.39
2019-05-16,45.50945663452149,2.39
2019-05-17,45.25086975097656,2.39
2019-05-20,43.83588409423828,2.39
2019-05-21,44.6762580871582,2.39
2019-05-22,43.761661529541016,2.39
2019-05-23,43.0146598815918,2.39
2019-05-24,42.849464416503906,2.39
2019-05-28,42.67229080200195,2.39
2019-05-29,42.468780517578125,2.39
2019-05-30,42.68904113769531,2.39
2019-05-31,41.91572189331055,2.39
2019-06-03,41.491947174072266,2.38
2019-06-04,43.009864807128906,2.38
2019-06-05,43.70419692993164,2.38
2019-06-06,44.34586715698242,2.38
2019-06-07,45.52620697021485,2.38
2019-06-10,46.10801315307617,2.38
2019-06-11,46.64191818237305,2.38
2019-06-12,46.49346160888672,2.38
2019-06-13,46.48389434814453,2.38
2019-06-14,46.14630889892578,2.38
2019-06-17,46.42164611816406,2.38
2019-06-18,47.51342010498047,2.38
2019-06-19,47.37454605102539,2.38
2019-06-20,47.755245208740234,2.38
2019-06-21,47.592437744140625,2.38
2019-06-24,47.54453659057617,2.38
2019-06-25,46.823883056640625,2.38
2019-06-26,47.836631774902344,2.38
2019-06-27,47.82228088378906,2.38
2019-06-28,47.38652038574219,2.38
2019-07-01,48.25563430786133,2.4
2019-07-02,48.538143157958984,2.4
2019-07-03,48.94038772583008,2.4
2019-07-05,48.89727783203125,2.4
2019-07-08,47.889305114746094,2.4
2019-07-09,48.18140411376953,2.4
2019-07-10,48.65785217285156,2.4
2019-07-11,48.30351638793945,2.4
2019-07-12,48.67461013793945,2.4
2019-07-15,49.13191223144531,2.4
2019-07-16,48.96192169189453,2.4
2019-07-17,48.68658828735352,2.4
2019-07-18,49.23966217041016,2.4
2019-07-19,48.50462341308594,2.4
2019-07-22,49.6131591796875,2.4
2019-07-23,50.00101852416992,2.4
2019-07-24,49.96031188964844,2.4
2019-07-25,49.56526184082031,2.4
2019-07-26,49.73764419555664,2.4
2019-07-29,50.20213317871094,2.4
2019-07-30,49.98664855957031,2.4
2019-07-31,51.00659942626953,2.4
2019-08-01,49.90285110473633,2.13
2019-08-02,48.84699630737305,2.13
2019-08-05,46.28996276855469,2.13
2019-08-06,47.16624450683594,2.13
2019-08-07,47.65467071533203,2.13
2019-08-08,48.70573425292969,2.13
2019-08-09,48.304386138916016,2.13
2019-08-12,48.18181228637695,2.13
2019-08-13,50.22223281860352,2.13
2019-08-14,48.72737121582031,2.13
2019-08-15,48.48463821411133,2.13
2019-08-16,49.62861251831055,2.13
2019-08-19,50.55389022827149,2.13
2019-08-20,50.556297302246094,2.13
2019-08-21,51.10425567626953,2.13
2019-08-22,51.06100845336914,2.13
2019-08-23,48.700927734375,2.13
2019-08-26,49.62620544433594,2.13
2019-08-27,49.06623077392578,2.13
2019-08-28,49.3954963684082,2.13
2019-08-29,50.23185348510742,2.13
2019-08-30,50.166961669921875,2.13
2019-09-03,49.43634796142578,2.04
2019-09-04,50.275108337402344,2.04
2019-09-05,51.25807189941406,2.04
2019-09-06,51.253265380859375,2.04
2019-09-09,51.471961975097656,2.04
2019-09-10,52.08000564575195,2.04
2019-09-11,53.73590469360352,2.04
2019-09-12,53.61573028564453,2.04
2019-09-13,52.57268524169922,2.04
2019-09-16,52.84907150268555,2.04
2019-09-17,53.04133605957031,2.04
2019-09-18,53.538818359375,2.04
2019-09-19,53.10382080078125,2.04
2019-09-20,52.32755279541016,2.04
2019-09-23,52.565486907958984,2.04
2019-09-24,52.31552505493164,2.04
2019-09-25,53.12064743041992,2.04
2019-09-26,52.84666442871094,2.04
2019-09-27,52.589508056640625,2.04
2019-09-30,53.82721328735352,2.04
2019-10-01,53.97621536254883,1.83
2019-10-02,52.6231575012207,1.83
2019-10-03,53.070186614990234,1.83
2019-10-04,54.557830810546875,1.83
2019-10-07,54.56984329223633,1.83
2019-10-08,53.93056106567383,1.83
2019-10-09,54.56262969970703,1.83
2019-10-10,55.29805374145508,1.83
2019-10-11,56.76888656616211,1.83
2019-10-14,56.68716812133789,1.83
2019-10-15,56.55499649047851,1.83
2019-10-16,56.32667541503906,1.83
2019-10-17,56.545379638671875,1.83
2019-10-18,56.816951751708984,1.83
2019-10-21,57.80231094360352,1.83
2019-10-22,57.670127868652344,1.83
2019-10-23,58.44399642944336,1.83
2019-10-24,58.540138244628906,1.83
2019-10-25,59.261138916015625,1.83
2019-10-28,59.85476303100586,1.83
2019-10-29,58.47043228149414,1.83
2019-10-30,58.46321868896485,1.83
2019-10-31,59.78505325317383,1.83
2019-11-01,61.48180389404297,1.55
2019-11-04,61.885555267333984,1.55
2019-11-05,61.79664993286133,1.55
2019-11-06,61.82307052612305,1.55
2019-11-07,62.53659439086914,1.55
2019-11-08,62.707740783691406,1.55
2019-11-11,63.204322814941406,1.55
2019-11-12,63.14646530151367,1.55
2019-11-13,63.75151443481445,1.55
2019-11-14,63.31038284301758,1.55
2019-11-15,64.06246948242188,1.55
2019-11-18,64.38545227050781,1.55
2019-11-19,64.19023132324219,1.55
2019-11-20,63.44294738769531,1.55
2019-11-21,63.15853118896485,1.55
2019-11-22,63.10307312011719,1.55
2019-11-25,64.20950317382812,1.55
2019-11-26,63.708106994628906,1.55
2019-11-27,64.5638427734375,1.55
2019-11-29,64.4216079711914,1.55
2019-12-02,63.67678451538086,1.55
2019-12-03,62.541412353515625,1.55
2019-12-04,63.09342956542969,1.55
2019-12-05,64.01907348632812,1.55
2019-12-06,65.25568389892578,1.55
2019-12-09,64.34209442138672,1.55
2019-12-10,64.71812438964844,1.55
2019-12-11,65.27014923095703,1.55
2019-12-12,65.43645477294922,1.55
2019-12-13,66.32595825195312,1.55
2019-12-16,67.4613037109375,1.55
2019-12-17,67.59390258789062,1.55
2019-12-18,67.4323959350586,1.55
2019-12-19,67.49987030029297,1.55
2019-12-20,67.36009216308594,1.55
2019-12-23,68.45927429199219,1.55
2019-12-24,68.52437591552734,1.55
2019-12-26,69.88392639160156,1.55
2019-12-27,69.85738372802734,1.55
2019-12-30,70.2719955444336,1.55
2019-12-31,70.78545379638672,1.55
2020-01-02,72.40050506591797,1.55
2020-01-03,71.69662475585938,1.55
2020-01-06,72.26793670654297,1.55
2020-01-07,71.92804718017578,1.55
2020-01-08,73.08511352539062,1.55
2020-01-09,74.63749694824219,1.55
2020-01-10,74.80622863769531,1.55
2020-01-13,76.40442657470703,1.55
2020-01-14,75.37269592285156,1.55
2020-01-15,75.0497055053711,1.55
2020-01-16,75.98979949951172,1.55
2020-01-17,76.8310775756836,1.55
2020-01-21,76.31040954589844,1.55
2020-01-22,76.58280181884766,1.55
2020-01-23,76.95162963867188,1.55
2020-01-24,76.7298355102539,1.55
2020-01-27,74.47358703613281,1.55
2020-01-28,76.58039093017578,1.55
2020-01-29,78.18339538574219,1.55
2020-01-30,78.0700912475586,1.55
2020-01-31,74.60858154296875,1.55
2020-02-03,74.40367889404297,1.58
2020-02-04,76.86003875732422,1.58
2020-02-05,77.48676300048828,1.58
2020-02-06,78.39311218261719,1.58
2020-02-07,77.3275146484375,1.58
2020-02-10,77.69480895996094,1.58
2020-02-11,77.22605895996094,1.58
2020-02-12,79.06001281738281,1.58
2020-02-13,78.49702453613281,1.58
2020-02-14,78.5163345336914,1.58
2020-02-18,77.07866668701172,1.58
2020-02-19,78.19501495361328,1.58
2020-02-20,77.39277648925781,1.58
2020-02-21,75.6409912109375,1.58
2020-02-24,72.04801177978516,1.58
2020-02-25,69.60758972167969,1.58
2020-02-26,70.7118148803711,1.58
2020-02-27,66.08951568603516,1.58
2020-02-28,66.05084991455078,1.58
2020-03-02,72.20024108886719,0.65
2020-03-03,69.9072036743164,0.65
2020-03-04,73.14982604980469,0.65
2020-03-05,70.77708435058594,0.65
2020-03-06,69.837158203125,0.65
2020-03-09,64.3135757446289,0.65
2020-03-10,68.94554138183594,0.65
2020-03-11,66.55103302001953,0.65
2020-03-12,59.97879409790039,0.65
2020-03-13,67.16475677490234,0.65
2020-03-16,58.52421188354492,0.65
2020-03-17,61.0975341796875,0.65
2020-03-18,59.60186767578125,0.65
2020-03-19,59.14519882202149,0.65
2020-03-20,55.39031982421875,0.65
2020-03-23,54.2136116027832,0.65
2020-03-24,59.65260314941406,0.65
2020-03-25,59.32399368286133,0.65
2020-03-26,62.44580078125,0.65
2020-03-27,59.86039733886719,0.65
2020-03-30,61.568695068359375,0.65
2020-03-31,61.44305419921875,0.65
2020-04-01,58.21010208129883,0.05
2020-04-02,59.18142318725586,0.05
2020-04-03,58.33091735839844,0.05
2020-04-06,63.4195442199707,0.05
2020-04-07,62.68502426147461,0.05
2020-04-08,64.2894058227539,0.05
2020-04-09,64.7533187866211,0.05
2020-04-13,66.0242691040039,0.05
2020-04-14,69.35872650146484,0.05
2020-04-15,68.72564697265625,0.05
2020-04-16,69.27172088623047,0.05
2020-04-17,68.33181762695312,0.05
2020-04-20,66.91345977783203,0.05
2020-04-21,64.84514617919922,0.05
2020-04-22,66.71290588378906,0.05
2020-04-23,66.45439147949219,0.05
2020-04-24,68.37287902832031,0.05
2020-04-27,68.42122650146484,0.05
2020-04-28,67.31214141845703,0.05
2020-04-29,69.52304077148438,0.05
2020-04-30,70.98970794677734,0.05
2020-05-01,69.84680938720703,0.05
2020-05-04,70.83506774902344,0.05
2020-05-05,71.89820861816406,0.05
2020-05-06,72.63999938964844,0.05
2020-05-07,73.39144897460938,0.05
2020-05-08,75.13829040527344,0.05
2020-05-11,76.32061004638672,0.05
2020-05-12,75.44839477539062,0.05
2020-05-13,74.53742218017578,0.05
2020-05-14,74.99533081054688,0.05
2020-05-15,74.55197143554688,0.05
2020-05-18,76.30848693847656,0.05
2020-05-19,75.8675537109375,0.05
2020-05-20,77.3430404663086,0.05
2020-05-21,76.76641845703125,0.05
2020-05-22,77.26066589355469,0.05
2020-05-26,76.73734283447266,0.05
2020-05-27,77.07168579101562,0.05
2020-05-28,77.10562133789062,0.05
2020-05-29,77.03050231933594,0.05
2020-06-01,77.97781372070312,0.08
2020-06-02,78.33879852294922,0.08
2020-06-03,78.77007293701172,0.08
2020-06-04,78.09168243408203,0.08
2020-06-05,80.31583404541016,0.08
2020-06-08,80.79068756103516,0.08
2020-06-09,83.3418960571289,0.08
2020-06-10,85.48606872558594,0.08
2020-06-11,81.38184356689453,0.08
2020-06-12,82.08445739746094,0.08
2020-06-15,83.09960174560547,0.08
2020-06-16,85.30194854736328,0.08
2020-06-17,85.18321990966797,0.08
2020-06-18,85.21712493896484,0.08
2020-06-19,84.73017120361328,0.08
2020-06-22,86.94703674316406,0.08
2020-06-23,88.80288696289062,0.08
2020-06-24,87.2353286743164,0.08
2020-06-25,88.3934326171875,0.08
2020-06-26,85.67745971679688,0.08
2020-06-29,87.65204620361328,0.08
2020-06-30,88.38375091552734,0.08
2020-07-01,88.21654510498047,0.09
2020-07-02,88.21654510498047,0.09
2020-07-06,90.57637786865234,0.09
2020-07-07,90.29531860351562,0.09
2020-07-08,92.39830780029295,0.09
2020-07-09,92.79566192626952,0.09
2020-07-10,92.95797729492188,0.09
2020-07-13,92.52914428710938,0.09
2020-07-14,94.06036376953124,0.09
2020-07-15,94.7072296142578,0.09
2020-07-16,93.5418701171875,0.09
2020-07-17,93.35291290283205,0.09
2020-07-20,95.32022857666016,0.09
2020-07-21,94.00463104248048,0.09
2020-07-22,94.26872253417967,0.09
2020-07-23,89.97794342041016,0.09
2020-07-24,89.75505828857422,0.09
2020-07-27,91.88227081298828,0.09
2020-07-28,90.37286376953124,0.09
2020-07-29,92.10514831542967,0.09
2020-07-30,93.21965789794922,0.09
2020-07-31,102.97868347167967,0.09
2020-08-03,105.57350158691406,0.1
2020-08-04,106.2785415649414,0.1
2020-08-05,106.66376495361328,0.1
2020-08-06,110.38518524169922,0.1
2020-08-07,107.87550354003906,0.1
2020-08-10,109.44342041015624,0.1
2020-08-11,106.18859100341795,0.1
2020-08-12,109.71769714355467,0.1
2020-08-13,111.65943908691406,0.1
2020-08-14,111.5599365234375,0.1
2020-08-17,111.26868438720705,0.1
2020-08-18,112.19586181640624,0.1
2020-08-19,112.33663940429688,0.1
2020-08-20,114.8293228149414,0.1
2020-08-21,120.74677276611328,0.1
2020-08-24,122.1909408569336,0.1
2020-08-25,121.18851470947266,0.1
2020-08-26,122.83656311035156,0.1
2020-08-27,121.36811065673828,0.1
2020-08-28,121.1715087890625,0.1
2020-08-31,125.28067779541016,0.1
2020-09-01,130.27098083496094,0.09
2020-09-02,127.57196044921876,0.09
2020-09-03,117.3584213256836,0.09
2020-09-04,117.43610382080078,0.09
2020-09-08,109.5332489013672,0.09
2020-09-09,113.90215301513672,0.09
2020-09-10,110.1837158203125,0.09
2020-09-11,108.73712158203124,0.09
2020-09-14,111.9992446899414,0.09
2020-09-15,112.17401123046876,0.09
2020-09-16,108.86335754394533,0.09
2020-09-17,107.12548065185548,0.09
2020-09-18,103.72745513916016,0.09
2020-09-21,106.8730697631836,0.09
2020-09-22,108.55266571044922,0.09
2020-09-23,103.9992904663086,0.09
2020-09-24,105.06727600097656,0.09
2020-09-25,109.00897979736328,0.09
2020-09-28,111.61091613769533,0.09
2020-09-29,110.76625061035156,0.09
2020-09-30,112.4361343383789,0.09
2020-10-01,113.38760375976562,0.09
2020-10-02,109.72740936279295,0.09
2020-10-05,113.10603332519533,0.09
2020-10-06,109.86334228515624,0.09
2020-10-07,111.7274169921875,0.09
2020-10-08,111.62061309814452,0.09
2020-10-09,113.56234741210938,0.09
2020-10-12,120.7759017944336,0.09
2020-10-13,117.57202911376952,0.09
2020-10-14,117.6594009399414,0.09
2020-10-15,117.19337463378906,0.09
2020-10-16,115.55262756347656,0.09
2020-10-19,112.6011734008789,0.09
2020-10-20,114.0866241455078,0.09
2020-10-21,113.46526336669922,0.09
2020-10-22,112.37787628173828,0.09
2020-10-23,111.68858337402344,0.09
2020-10-26,111.6982650756836,0.09
2020-10-27,113.203125,0.09
2020-10-28,107.96044921875,0.09
2020-10-29,111.96041870117188,0.09
2020-10-30,105.6885986328125,0.09
2020-11-02,105.60122680664062,0.09
2020-11-03,107.22257995605467,0.09
2020-11-04,111.6011734008789,0.09
2020-11-05,115.56233215332033,0.09
2020-11-06,115.4310531616211,0.09
2020-11-09,113.12611389160156,0.09
2020-11-10,112.78573608398438,0.09
2020-11-11,116.20906066894533,0.09
2020-11-12,115.93677520751952,0.09
2020-11-13,115.9853973388672,0.09
2020-11-16,116.99683380126952,0.09
2020-11-17,116.11181640625,0.09
2020-11-18,114.78914642333984,0.09
2020-11-19,115.3824234008789,0.09
2020-11-20,114.11809539794922,0.09
2020-11-23,110.72394561767578,0.09
2020-11-24,112.00768280029295,0.09
2020-11-25,112.8440933227539,0.09
2020-11-27,113.38868713378906,0.09
2020-11-30,115.78116607666016,0.09
2020-12-01,119.35037994384766,0.09
2020-12-02,119.70050811767578,0.09
2020-12-03,119.56434631347656,0.09
2020-12-04,118.8932876586914,0.09
2020-12-07,120.35210418701172,0.09
2020-12-08,120.9648208618164,0.09
2020-12-09,118.43618774414062,0.09
2020-12-10,119.85612487792967,0.09
2020-12-11,119.04891204833984,0.09
2020-12-14,118.43618774414062,0.09
2020-12-15,124.36871337890624,0.09
2020-12-16,124.30061340332033,0.09
2020-12-17,125.16619110107422,0.09
2020-12-18,123.18221282958984,0.09
2020-12-21,124.70909118652344,0.09
2020-12-22,128.25888061523438,0.09
2020-12-23,127.36412811279295,0.09
2020-12-24,128.346435546875,0.09
2020-12-28,132.9368133544922,0.09
2020-12-29,131.16677856445312,0.09
2020-12-30,130.04835510253906,0.09
2020-12-31,129.04661560058594,0.09
2021-01-04,125.856689453125,0.09
2021-01-05,127.41278839111328,0.09
2021-01-06,123.12384033203124,0.09
2021-01-07,127.32524871826172,0.09
2021-01-08,128.4241943359375,0.09
2021-01-11,125.43849182128906,0.09
2021-01-12,125.26345825195312,0.09
2021-01-13,127.29605102539062,0.09
2021-01-14,125.37043762207033,0.09
2021-01-15,123.64903259277344,0.09
2021-01-19,124.32007598876952,0.09
2021-01-20,128.40475463867188,0.09
2021-01-21,133.11187744140625,0.09
2021-01-22,135.25146484375,0.09
2021-01-25,138.99575805664062,0.09
2021-01-26,139.22915649414062,0.09
2021-01-27,138.1593780517578,0.09
2021-01-28,133.32583618164062,0.09
2021-01-29,128.336669921875,0.09
2021-02-01,130.45680236816406,0.08
2021-02-02,131.28347778320312,0.08
2021-02-03,130.26231384277344,0.08
2021-02-04,133.6175994873047,0.08
2021-02-05,133.20361328125,0.08
2021-02-08,133.34974670410156,0.08
2021-02-09,132.47311401367188,0.08
2021-02-10,131.8692169189453,0.08
2021-02-11,131.61602783203125,0.08
2021-02-12,131.8497772216797,0.08
2021-02-16,129.7264862060547,0.08
2021-02-17,127.43757629394533,0.08
2021-02-18,126.3369369506836,0.08
2021-02-19,126.49282836914062,0.08
2021-02-22,122.72344970703124,0.08
2021-02-23,122.58707427978516,0.08
2021-02-24,122.0903549194336,0.08
2021-02-25,117.8437271118164,0.08
2021-02-26,118.10669708251952,0.08
2021-03-01,124.46688842773438,0.07
2021-03-02,121.8663330078125,0.07
2021-03-03,118.88589477539062,0.07
2021-03-04,117.00609588623048,0.07
2021-03-05,118.26252746582033,0.07
2021-03-08,113.33415222167967,0.07
2021-03-09,117.9411163330078,0.07
2021-03-10,116.85999298095705,0.07
2021-03-11,118.78849792480467,0.07
2021-03-12,117.8826904296875,0.07
2021-03-15,120.76571655273438,0.07
2021-03-16,122.30463409423828,0.07
2021-03-17,121.51569366455078,0.07
2021-03-18,117.39567565917967,0.07
2021-03-19,116.8697280883789,0.07
2021-03-22,120.1812973022461,0.07
2021-03-23,119.35342407226562,0.07
2021-03-24,116.9671401977539,0.07
2021-03-25,117.45410919189452,0.07
2021-03-26,118.05799865722656,0.07
2021-03-29,118.23331451416016,0.07
2021-03-30,116.78206634521484,0.07
2021-03-31,118.97356414794922,0.07
2021-04-01,119.80145263671876,0.07
2021-04-05,122.62604522705078,0.07
2021-04-06,122.92797088623048,0.07
2021-04-07,124.57403564453124,0.07
2021-04-08,126.97004699707033,0.07
2021-04-09,129.54141235351562,0.07
2021-04-12,127.82720184326172,0.07
2021-04-13,130.9342041015625,0.07
2021-04-14,128.59664916992188,0.07
2021-04-15,131.0023956298828,0.07
2021-04-16,130.67127990722656,0.07
2021-04-19,131.3335723876953,0.07
2021-04-20,129.6485595703125,0.07
2021-04-21,130.0283966064453,0.07
2021-04-22,128.50897216796875,0.07
2021-04-23,130.8271026611328,0.07
2021-04-26,131.2166748046875,0.07
2021-04-27,130.895263671875,0.07
2021-04-28,130.1063232421875,0.07
2021-04-29,130.00892639160156,0.07
2021-04-30,128.04144287109375,0.07
2021-05-03,129.09336853027344,0.06
2021-05-04,124.52532958984376,0.06
2021-05-05,124.7688446044922,0.06
2021-05-06,126.36619567871094,0.06
2021-05-07,127.0394058227539,0.06
2021-05-10,123.7612075805664,0.06
2021-05-11,122.8440933227539,0.06
2021-05-12,119.78053283691406,0.06
2021-05-13,121.92698669433594,0.06
2021-05-14,124.34659576416016,0.06
2021-05-17,123.19532775878906,0.06
2021-05-18,121.80990600585938,0.06
2021-05-19,121.65380096435548,0.06
2021-05-20,124.2100067138672,0.06
2021-05-21,122.37577056884766,0.06
2021-05-24,124.0051040649414,0.06
2021-05-25,123.80997467041016,0.06
2021-05-26,123.7612075805664,0.06
2021-05-27,122.22943115234376,0.06
2021-05-28,121.57574462890624,0.06
2021-06-01,121.25377655029295,0.08
2021-06-02,122.0147933959961,0.08
2021-06-03,120.53180694580078,0.08
2021-06-04,122.82457733154295,0.08
2021-06-07,122.83433532714844,0.08
2021-06-08,123.65389251708984,0.08
2021-06-09,124.0343780517578,0.08
2021-06-10,123.03922271728516,0.08
2021-06-11,124.24903869628906,0.08
2021-06-14,127.30279541015624,0.08
2021-06-15,126.4832534790039,0.08
2021-06-16,126.98082733154295,0.08
2021-06-17,128.5808868408203,0.08
2021-06-18,127.28329467773438,0.08
2021-06-21,129.0784912109375,0.08
2021-06-22,130.71759033203125,0.08
2021-06-23,130.4443817138672,0.08
2021-06-24,130.16148376464844,0.08
2021-06-25,129.86875915527344,0.08
2021-06-28,131.4980926513672,0.08
2021-06-29,133.01036071777344,0.08
2021-06-30,133.62503051757812,0.08
2021-07-01,133.92750549316406,0.1
2021-07-02,136.55198669433594,0.1
2021-07-06,138.56178283691406,0.1
2021-07-07,141.0497283935547,0.1
2021-07-08,139.75209045410156,0.1
2021-07-09,141.57652282714844,0.1
2021-07-12,140.98138427734375,0.1
2021-07-13,142.09368896484375,0.1
2021-07-14,145.5181884765625,0.1
2021-07-15,144.86448669433594,0.1
2021-07-16,142.8253936767578,0.1
2021-07-19,138.98133850097656,0.1
2021-07-20,142.5912322998047,0.1
2021-07-21,141.85952758789062,0.1
2021-07-22,143.2254180908203,0.1
2021-07-23,144.9425811767578,0.1
2021-07-26,145.36207580566406,0.1
2021-07-27,143.19615173339844,0.1
2021-07-28,141.44969177246094,0.1
2021-07-29,142.09368896484375,0.1
2021-07-30,142.30833435058594,0.1
2021-08-02,141.9766082763672,0.09
2021-08-03,143.77178955078125,0.09
2021-08-04,143.37176513671875,0.09
2021-08-05,143.47909545898438,0.09
2021-08-06,142.79513549804688,0.09
2021-08-09,142.74623107910156,0.09
2021-08-10,142.26747131347656,0.09
2021-08-11,142.5215301513672,0.09
2021-08-12,145.48214721679688,0.09
2021-08-13,145.68740844726562,0.09
2021-08-16,147.6611328125,0.09
2021-08-17,146.75241088867188,0.09
2021-08-18,143.0100860595703,0.09
2021-08-19,143.34228515625,0.09
2021-08-20,144.79820251464844,0.09
2021-08-23,146.28343200683594,0.09
2021-08-24,146.1954345703125,0.09
2021-08-25,144.96429443359375,0.09
2021-08-26,144.16305541992188,0.09
2021-08-27,145.19879150390625,0.09
2021-08-30,149.6153564453125,0.09
2021-08-31,148.3549041748047,0.09
2021-09-01,149.0193328857422,0.08
2021-09-02,150.1332244873047,0.08
2021-09-03,150.76834106445312,0.08
2021-09-07,153.1036834716797,0.08
2021-09-08,151.559814453125,0.08
2021-09-09,150.54360961914062,0.08
2021-09-10,145.56033325195312,0.08
2021-09-13,146.12705993652344,0.08
2021-09-14,144.7297821044922,0.08
2021-09-15,145.61898803710938,0.08
2021-09-16,145.38446044921875,0.08
2021-09-17,142.71694946289062,0.08
2021-09-20,139.66836547851562,0.08
2021-09-21,140.14710998535156,0.08
2021-09-22,142.5117645263672,0.08
2021-09-23,143.46934509277344,0.08
2021-09-24,143.55722045898438,0.08
2021-09-27,142.04275512695312,0.08
2021-09-28,138.66192626953125,0.08
2021-09-29,139.56085205078125,0.08
2021-09-30,138.26132202148438,0.08
2021-10-01,139.38499450683594,0.08
2021-10-04,135.95530700683594,0.08
2021-10-05,137.88026428222656,0.08
2021-10-06,138.74989318847656,0.08
2021-10-07,140.01031494140625,0.08
2021-10-08,139.62925720214844,0.08
2021-10-11,139.5413360595703,0.08
2021-10-12,138.27110290527344,0.08
2021-10-13,137.68479919433594,0.08
2021-10-14,140.46958923339844,0.08
2021-10-15,141.52484130859375,0.08
2021-10-18,143.1957244873047,0.08
2021-10-19,145.3551483154297,0.08
2021-10-20,145.84371948242188,0.08
2021-10-21,146.0586700439453,0.08
2021-10-22,145.28672790527344,0.08
2021-10-25,145.23788452148438,0.08
2021-10-26,145.90234375,0.08
2021-10-27,145.44308471679688,0.08
2021-10-28,149.0779266357422,0.08
2021-10-29,146.371337890625,0.08
2021-11-01,145.55056762695312,0.08
2021-11-02,146.5863037109375,0.08
2021-11-03,148.02264404296875,0.08
2021-11-04,147.50482177734375,0.08
2021-11-05,148.033203125,0.08
2021-11-08,147.21124267578125,0.08
2021-11-09,147.57330322265625,0.08
2021-11-10,144.74530029296875,0.08
2021-11-11,144.69635009765625,0.08
2021-11-12,146.77090454101562,0.08
2021-11-15,146.78067016601562,0.08
2021-11-16,147.75921630859375,0.08
2021-11-17,150.19578552246094,0.08
2021-11-18,154.48175048828125,0.08
2021-11-19,157.10426330566406,0.08
2021-11-22,157.5641632080078,0.08
2021-11-23,157.94580078125,0.08
2021-11-24,158.46441650390625,0.08
2021-11-26,153.44448852539062,0.08
2021-11-29,156.80091857910156,0.08
2021-11-30,161.7523193359375,0.08
2021-12-01,161.23367309570312,0.08
2021-12-02,160.245361328125,0.08
2021-12-03,158.36651611328125,0.08
2021-12-06,161.7718963623047,0.08
2021-12-07,167.50611877441406,0.08
2021-12-08,171.32244873046875,0.08
2021-12-09,170.81353759765625,0.08
2021-12-10,175.5986328125,0.08
2021-12-13,171.96827697753906,0.08
2021-12-14,170.58848571777344,0.08
2021-12-15,175.4518280029297,0.08
2021-12-16,168.5629119873047,0.08
2021-12-17,167.4669647216797,0.08
2021-12-20,166.1068115234375,0.08
2021-12-21,169.2772674560547,0.08
2021-12-22,171.87039184570312,0.08
2021-12-23,172.49664306640625,0.08
2021-12-27,176.45974731445312,0.08
2021-12-28,175.4420166015625,0.08
2021-12-29,175.53012084960938,0.08
2021-12-30,174.37542724609375,0.08
2021-12-31,173.75897216796875,0.08
2022-01-03,178.1036376953125,0.08
2022-01-04,175.8431854248047,0.08
2022-01-05,171.1658477783203,0.08
2022-01-06,168.30850219726562,0.08
2022-01-07,168.47483825683594,0.08
2022-01-10,168.4944305419922,0.08
2022-01-11,171.32244873046875,0.08
2022-01-12,171.76278686523438,0.08
2022-01-13,168.4944305419922,0.08
2022-01-14,169.35552978515625,0.08
2022-01-18,166.15573120117188,0.08
2022-01-19,162.662353515625,0.08
2022-01-20,160.97926330566406,0.08
2022-01-21,158.92433166503906,0.08
2022-01-24,158.15127563476562,0.08
2022-01-25,156.3507537841797,0.08
2022-01-26,156.26268005371094,0.08
2022-01-27,155.80279541015625,0.08
2022-01-28,166.67434692382812,0.08
2022-01-31,171.02880859375,0.08
2022-02-01,170.8624267578125,0.08
2022-02-02,172.0660858154297,0.08
2022-02-03,169.18917846679688,0.08
2022-02-04,168.90505981445312,0.08
2022-02-07,168.18983459472656,0.08
2022-02-08,171.29576110839844,0.08
2022-02-09,172.71640014648438,0.08
2022-02-10,168.64051818847656,0.08
2022-02-11,165.2308349609375,0.08
2022-02-14,165.46600341796875,0.08
2022-02-15,169.29696655273438,0.08
2022-02-16,169.0618438720703,0.08
2022-02-17,165.46600341796875,0.08
2022-02-18,163.91793823242188,0.08
2022-02-22,160.99819946289062,0.08
2022-02-23,156.83413696289062,0.08
2022-02-24,159.4501190185547,0.08
2022-02-25,161.51747131347656,0.08
2022-02-28,161.78204345703125,0.08
2022-03-01,159.9008026123047,0.2
2022-03-02,163.1929168701172,0.2
2022-03-03,162.86961364746094,0.2
2022-03-04,159.87144470214844,0.2
2022-03-07,156.07969665527344,0.2
2022-03-08,154.25726318359375,0.2
2022-03-09,159.65589904785156,0.2
2022-03-10,155.31544494628906,0.2
2022-03-11,151.60202026367188,0.2
2022-03-14,147.5751495361328,0.2
2022-03-15,151.9547882080078,0.2
2022-03-16,156.3638153076172,0.2
2022-03-17,157.37294006347656,0.2
2022-03-18,160.6650390625,0.2
2022-03-21,162.03677368164062,0.2
2022-03-22,165.4072265625,0.2
2022-03-23,166.7691650390625,0.2
2022-03-24,170.5511016845703,0.2
2022-03-25,171.1879425048828,0.2
2022-03-28,172.05015563964844,0.2
2022-03-29,175.34225463867188,0.2
2022-03-30,174.17630004882812,0.2
2022-03-31,171.08013916015625,0.2
2022-04-01,170.78623962402344,0.33
2022-04-04,174.83274841308594,0.33
2022-04-05,171.52105712890625,0.33
2022-04-06,168.3563690185547,0.33
2022-04-07,168.66009521484375,0.33
2022-04-08,166.6515655517578,0.33
2022-04-11,162.39926147460938,0.33
2022-04-12,164.27069091796875,0.33
2022-04-13,166.95526123046875,0.33
2022-04-14,161.9485626220703,0.33
2022-04-18,161.7330322265625,0.33
2022-04-19,164.01593017578125,0.33
2022-04-20,163.849365234375,0.33
2022-04-21,163.0557403564453,0.33
2022-04-22,158.51934814453125,0.33
2022-04-25,159.58731079101562,0.33
2022-04-26,153.63023376464844,0.33
2022-04-27,153.40489196777344,0.33
2022-04-28,160.3319549560547,0.33
2022-04-29,154.46302795410156,0.33
2022-05-02,154.76678466796875,0.77
2022-05-03,156.2560272216797,0.77
2022-05-04,162.66383361816406,0.77
2022-05-05,153.600830078125,0.77
2022-05-06,154.32693481445312,0.77
2022-05-09,149.2049102783203,0.77
2022-05-10,151.60891723632812,0.77
2022-05-11,143.7493133544922,0.77
2022-05-12,139.88330078125,0.77
2022-05-13,144.34783935546875,0.77
2022-05-16,142.80735778808594,0.77
2022-05-17,146.43788146972656,0.77
2022-05-18,138.17601013183594,0.77
2022-05-19,134.7711181640625,0.77
2022-05-20,135.00662231445312,0.77
2022-05-23,140.4229736328125,0.77
2022-05-24,137.72462463378906,0.77
2022-05-25,137.88160705566406,0.77
2022-05-26,141.08041381835938,0.77
2022-05-27,146.83038330078125,0.77
2022-05-31,146.04537963867188,0.77
2022-06-01,145.91781616210938,1.21
2022-06-02,148.3708953857422,1.21
2022-06-03,142.65037536621094,1.21
2022-06-06,143.3961181640625,1.21
2022-06-07,145.91781616210938,1.21
2022-06-08,145.1819305419922,1.21
2022-06-09,139.9617919921875,1.21
2022-06-10,134.55526733398438,1.21
2022-06-13,129.4038543701172,1.21
2022-06-14,130.267333984375,1.21
2022-06-15,132.88722229003906,1.21
2022-06-16,127.61798095703124,1.21
2022-06-17,129.08984375,1.21
2022-06-21,133.31893920898438,1.21
2022-06-22,132.8087158203125,1.21
2022-06-23,135.67385864257812,1.21
2022-06-24,139.0001983642578,1.21
2022-06-27,139.0001983642578,1.21
2022-06-28,134.85943603515625,1.21
2022-06-29,136.61581420898438,1.21
2022-06-30,134.1529541015625,1.21
2022-07-01,136.32144165039062,1.68
2022-07-05,138.90206909179688,1.68
2022-07-06,140.2365264892578,1.68
2022-07-07,143.6021728515625,1.68
2022-07-08,144.27919006347656,1.68
2022-07-11,142.14990234375,1.68
2022-07-12,143.12135314941406,1.68
2022-07-13,142.75830078125,1.68
2022-07-14,145.68234252929688,1.68
2022-07-15,147.35040283203125,1.68
2022-07-18,144.3086395263672,1.68
2022-07-19,148.1648406982422,1.68
2022-07-20,150.16653442382812,1.68
2022-07-21,152.4331512451172,1.68
2022-07-22,151.19680786132812,1.68
2022-07-25,150.0782012939453,1.68
2022-07-26,148.7535400390625,1.68
2022-07-27,153.84616088867188,1.68
2022-07-28,154.39561462402344,1.68
2022-07-29,159.45872497558594,1.68
2022-08-01,158.4774932861328,2.33
2022-08-02,157.00563049316406,2.33
2022-08-03,163.01075744628906,2.33
2022-08-04,162.69676208496094,2.33
2022-08-05,162.47079467773438,2.33
2022-08-08,161.99913024902344,2.33
2022-08-09,162.04827880859375,2.33
2022-08-10,166.29302978515625,2.33
2022-08-11,165.55609130859375,2.33
2022-08-12,169.1032257080078,2.33
2022-08-15,170.17422485351562,2.33
2022-08-16,170.01698303222656,2.33
2022-08-17,171.5105438232422,2.33
2022-08-18,171.11752319335938,2.33
2022-08-19,168.53335571289062,2.33
2022-08-22,164.6521453857422,2.33
2022-08-23,164.3180389404297,2.33
2022-08-24,164.61279296875,2.33
2022-08-25,167.0692901611328,2.33
2022-08-26,160.77088928222656,2.33
2022-08-29,158.56991577148438,2.33
2022-08-30,156.14288330078125,2.33
2022-08-31,154.48236083984375,2.33
2022-09-01,155.20945739746094,2.56
2022-09-02,153.09686279296875,2.56
2022-09-06,151.83917236328125,2.56
2022-09-07,153.24429321289062,2.56
2022-09-08,151.77041625976562,2.56
2022-09-09,154.6297149658203,2.56
2022-09-12,160.58419799804688,2.56
2022-09-13,151.1611785888672,2.56
2022-09-14,152.60560607910156,2.56
2022-09-15,149.7167510986328,2.56
2022-09-16,148.0758819580078,2.56
2022-09-19,151.79002380371094,2.56
2022-09-20,154.1679229736328,2.56
2022-09-21,151.04327392578125,2.56
2022-09-22,150.08035278320312,2.56
2022-09-23,147.81057739257812,2.56
2022-09-26,148.14466857910156,2.56
2022-09-27,149.11740112304688,2.56
2022-09-28,147.2308349609375,2.56
2022-09-29,139.99899291992188,2.56
2022-09-30,135.79351806640625,2.56
2022-10-03,139.9695587158203,3.08
2022-10-04,143.55596923828125,3.08
2022-10-05,143.8507537841797,3.08
2022-10-06,142.8976287841797,3.08
2022-10-07,137.65060424804688,3.08
2022-10-10,137.9748992919922,3.08
2022-10-11,136.55992126464844,3.08
2022-10-12,135.93106079101562,3.08
2022-10-13,140.5001678466797,3.08
2022-10-14,135.9704132080078,3.08
2022-10-17,139.9302215576172,3.08
2022-10-18,141.2468719482422,3.08
2022-10-19,141.35498046875,3.08
2022-10-20,140.89315795898438,3.08
2022-10-21,144.70559692382812,3.08
2022-10-24,146.84762573242188,3.08
2022-10-25,149.6873016357422,3.08
2022-10-26,146.74935913085938,3.08
2022-10-27,142.27862548828125,3.08
2022-10-28,153.02809143066406,3.08
2022-10-31,150.66989135742188,3.08
2022-11-01,148.02671813964844,3.78
2022-11-02,142.5045928955078,3.78
2022-11-03,136.461669921875,3.78
2022-11-04,136.1959686279297,3.78
2022-11-07,136.72743225097656,3.78
2022-11-08,137.2982940673828,3.78
2022-11-09,132.74136352539062,3.78
2022-11-10,144.5519561767578,3.78
2022-11-11,147.3372802734375,3.78
2022-11-14,145.93968200683594,3.78
2022-11-15,147.67190551757812,3.78
2022-11-16,146.44163513183594,3.78
2022-11-17,148.34120178222656,3.78
2022-11-18,148.90219116210938,3.78
2022-11-21,145.6739501953125,3.78
2022-11-22,147.80972290039062,3.78
2022-11-23,148.68568420410156,3.78
2022-11-25,145.77236938476562,3.78
2022-11-28,141.9437713623047,3.78
2022-11-29,138.94190979003906,3.78
2022-11-30,145.6936492919922,3.78
2022-12-01,145.96925354003906,4.1
2022-12-02,145.4771270751953,4.1
2022-12-05,144.3157501220703,4.1
2022-12-06,140.65443420410156,4.1
2022-12-07,138.71556091308594,4.1
2022-12-08,140.39857482910156,4.1
2022-12-09,139.9163055419922,4.1
2022-12-12,142.20953369140625,4.1
2022-12-13,143.17405700683594,4.1
2022-12-14,140.94972229003906,4.1
2022-12-15,134.3456268310547,4.1
2022-12-16,132.38702392578125,4.1
2022-12-19,130.28077697753906,4.1
2022-12-20,130.21192932128906,4.1
2022-12-21,133.31219482421875,4.1
2022-12-22,130.1430206298828,4.1
2022-12-23,129.7788848876953,4.1
2022-12-27,127.97775268554688,4.1
2022-12-28,124.05071258544922,4.1
2022-12-29,127.5643539428711,4.1
2022-12-30,127.87928771972656,4.1
2023-01-03,123.09603118896484,4.33
2023-01-04,124.36565399169922,4.33
2023-01-05,123.04681396484376,4.33
2023-01-06,127.57422637939452,4.33
2023-01-09,128.0958251953125,4.33
2023-01-10,128.6667022705078,4.33
2023-01-11,131.38314819335938,4.33
2023-01-12,131.3043975830078,4.33
2023-01-13,132.63307189941406,4.33
2023-01-17,133.7944793701172,4.33
2023-01-18,133.0760040283203,4.33
2023-01-19,133.1350555419922,4.33
2023-01-20,135.69398498535156,4.33
2023-01-23,138.88290405273438,4.33
2023-01-24,140.2804718017578,4.33
2023-01-25,139.6210479736328,4.33
2023-01-26,141.68789672851562,4.33
2023-01-27,143.6267852783203,4.33
2023-01-30,140.74302673339844,4.33
2023-01-31,142.01268005371094,4.33
2023-02-01,143.13467407226562,4.57
2023-02-02,148.4396209716797,4.57
2023-02-03,152.06155395507812,4.57
2023-02-06,149.3352508544922,4.57
2023-02-07,152.2091522216797,4.57
2023-02-08,149.52224731445312,4.57
2023-02-09,148.48880004882812,4.57
2023-02-10,148.85354614257812,4.57
2023-02-13,151.65298461914062,4.57
2023-02-14,151.0122833251953,4.57
2023-02-15,153.11187744140625,4.57
2023-02-16,151.51495361328125,4.57
2023-02-17,150.37155151367188,4.57
2023-02-21,146.35964965820312,4.57
2023-02-22,146.7835235595703,4.57
2023-02-23,147.2665557861328,4.57
2023-02-24,144.6149444580078,4.57
2023-02-27,145.80767822265625,4.57
2023-02-28,145.30494689941406,4.57
2023-03-01,143.2349395751953,4.65
2023-03-02,143.8263702392578,4.65
2023-03-03,148.87326049804688,4.65
2023-03-06,151.63327026367188,4.65
2023-03-07,149.43515014648438,4.65
2023-03-08,150.6869659423828,4.65
2023-03-09,148.4395294189453,4.65
2023-03-10,146.37936401367188,4.65
2023-03-13,148.32125854492188,4.65
2023-03-14,150.4109649658203,4.65
2023-03-15,150.80528259277344,4.65
2023-03-16,153.62442016601562,4.65
2023-03-17,152.78656005859375,4.65
2023-03-20,155.1522979736328,4.65
2023-03-21,157.00547790527344,4.65
2023-03-22,155.57614135742188,4.65
2023-03-23,156.66046142578125,4.65
2023-03-24,157.96160888671875,4.65
2023-03-27,156.0196990966797,4.65
2023-03-28,155.3987274169922,4.65
2023-03-29,158.47418212890625,4.65
2023-03-30,160.04147338867188,4.65
2023-03-31,162.54519653320312,4.65
2023-04-03,163.7970733642578,4.83
2023-04-04,163.2647705078125,4.83
2023-04-05,161.4214630126953,4.83
2023-04-06,162.30859375,4.83
2023-04-10,159.7161407470703,4.83
2023-04-11,158.5037384033203,4.83
2023-04-12,157.81375122070312,4.83
2023-04-13,163.19577026367188,4.83
2023-04-14,162.8507537841797,4.83
2023-04-17,162.8704833984375,4.83
2023-04-18,164.09275817871094,4.83
2023-04-19,165.23622131347656,4.83
2023-04-20,164.27020263671875,4.83
2023-04-21,162.66351318359375,4.83
2023-04-24,162.96905517578125,4.83
2023-04-25,161.4313201904297,4.83
2023-04-26,161.4214630126953,4.83
2023-04-27,166.00506591796875,4.83
2023-04-28,167.25694274902344,4.83
2023-05-01,167.168212890625,5.06
2023-05-02,166.1332244873047,5.06
2023-05-03,165.0587615966797,5.06
2023-05-04,163.42247009277344,5.06
2023-05-05,171.09136962890625,5.06
2023-05-08,171.02239990234375,5.06
2023-05-09,169.31707763671875,5.06
2023-05-10,171.08152770996094,5.06
2023-05-11,171.2688446044922,5.06
2023-05-12,170.3409423828125,5.06
2023-05-15,169.84739685058594,5.06
2023-05-16,169.84739685058594,5.06
2023-05-17,170.4593963623047,5.06
2023-05-18,172.78892517089844,5.06
2023-05-19,172.8975067138672,5.06
2023-05-22,171.94989013671875,5.06
2023-05-23,169.343994140625,5.06
2023-05-24,169.62034606933594,5.06
2023-05-25,170.7555389404297,5.06
2023-05-26,173.16400146484375,5.06
2023-05-30,175.0098419189453,5.06
2023-05-31,174.96051025390625,5.06
2023-06-01,177.76382446289062,5.08
2023-06-02,178.6127166748047,5.08
2023-06-05,177.2604217529297,5.08
2023-06-06,176.8951873779297,5.08
2023-06-07,175.5231475830078,5.08
2023-06-08,178.2376251220703,5.08
2023-06-09,178.62258911132812,5.08
2023-06-12,181.416015625,5.08
2023-06-13,180.9422149658203,5.08
2023-06-14,181.5739593505859,5.08
2023-06-15,183.6073303222656,5.08
2023-06-16,182.5314178466797,5.08
2023-06-20,182.6202850341797,5.08
2023-06-21,181.58383178710935,5.08
2023-06-22,184.58453369140625,5.08
2023-06-23,184.26866149902344,5.08
2023-06-26,182.8769073486328,5.08
2023-06-27,185.630859375,5.08
2023-06-28,186.80548095703125,5.08
2023-06-29,187.1410675048828,5.08
2023-06-30,191.4645233154297,5.08
2023-07-03,189.9740447998047,5.12
2023-07-05,188.8586273193359,5.12
2023-07-06,189.3324279785156,5.12
2023-07-07,188.21701049804688,5.12
2023-07-10,186.17376708984375,5.12
2023-07-11,185.6506195068359,5.12
2023-07-12,187.3187561035156,5.12
2023-07-13,188.0788116455078,5.12
2023-07-14,188.22689819335935,5.12
2023-07-17,191.4842987060547,5.12
2023-07-18,191.2276306152344,5.12
2023-07-19,192.57994079589844,5.12
2023-07-20,190.6353759765625,5.12
2023-07-21,189.46075439453125,5.12
2023-07-24,190.2602996826172,5.12
2023-07-25,191.1190185546875,5.12
2023-07-26,191.98765563964844,5.12
2023-07-27,190.7242431640625,5.12
2023-07-28,193.3004913330078,5.12
2023-07-31,193.9124755859375,5.12
2023-08-01,193.08335876464844,5.33
2023-08-02,190.09249877929688,5.33
2023-08-03,188.70066833496097,5.33
2023-08-04,179.63925170898438,5.33
2023-08-07,176.53982543945312,5.33
2023-08-08,177.47755432128906,5.33
2023-08-09,175.88836669921875,5.33
2023-08-10,175.6712188720703,5.33
2023-08-11,175.73048400878906,5.33
2023-08-14,177.3811798095703,5.33
2023-08-15,175.3944549560547,5.33
2023-08-16,174.52467346191406,5.33
2023-08-17,171.98439025878906,5.33
2023-08-18,172.46875,5.33
2023-08-21,173.8031005859375,5.33
2023-08-22,175.17698669433594,5.33
2023-08-23,179.02191162109375,5.33
2023-08-24,174.33682250976562,5.33
2023-08-25,176.541015625,5.33
2023-08-28,178.10272216796875,5.33
2023-08-29,181.9871368408203,5.33
2023-08-30,185.47628784179688,5.33
2023-08-31,185.69374084472656,5.33
2023-09-01,187.26531982421875,5.33
2023-09-05,187.50254821777344,5.33
2023-09-06,180.79119873046875,5.33
2023-09-07,175.503173828125,5.33
2023-09-08,176.115966796875,5.33
2023-09-11,177.28231811523438,5.33
2023-09-12,174.2577667236328,5.33
2023-09-13,172.19198608398438,5.33
2023-09-14,173.70423889160156,5.33
2023-09-15,172.9827117919922,5.33
2023-09-18,175.90841674804688,5.33
2023-09-19,176.9956817626953,5.33
2023-09-20,173.45713806152344,5.33
2023-09-21,171.9152069091797,5.33
2023-09-22,172.76522827148438,5.33
2023-09-25,174.04034423828125,5.33
2023-09-26,169.96804809570312,5.33
2023-09-27,168.45574951171875,5.33
2023-09-28,168.71275329589844,5.33
2023-09-29,169.2267303466797,5.33
2023-10-02,171.7373046875,5.33
2023-10-03,170.40292358398438,5.33
2023-10-04,171.64834594726562,5.33
2023-10-05,172.8838653564453,5.33
2023-10-06,175.43399047851562,5.33
2023-10-09,176.91661071777344,5.33
2023-10-10,176.32357788085938,5.33
2023-10-11,177.7172088623047,5.33
2023-10-12,178.61668395996094,5.33
2023-10-13,176.77822875976562,5.33
2023-10-16,176.64974975585938,5.33
2023-10-17,175.09791564941406,5.33
2023-10-18,173.8031005859375,5.33
2023-10-19,173.42750549316406,5.33
2023-10-20,170.8773956298828,5.33
2023-10-23,170.9959716796875,5.33
2023-10-24,171.43092346191406,5.33
2023-10-25,169.1179962158203,5.33
2023-10-26,164.95675659179688,5.33
2023-10-27,166.2713623046875,5.33
2023-10-30,168.31739807128906,5.33
2023-10-31,168.79183959960938,5.33
2023-11-01,171.9547576904297,5.33
2023-11-02,175.5130615234375,5.33
2023-11-03,174.60369873046875,5.33
2023-11-06,177.15379333496094,5.33
2023-11-07,179.71380615234375,5.33
2023-11-08,180.7714080810547,5.33
2023-11-09,180.29698181152344,5.33
2023-11-10,184.4834747314453,5.33
2023-11-13,182.89996337890625,5.33
2023-11-14,185.5128173828125,5.33
2023-11-15,186.07693481445312,5.33
2023-11-16,187.75946044921875,5.33
2023-11-17,187.7397003173828,5.33
2023-11-20,189.48158264160156,5.33
2023-11-21,188.6799163818359,5.33
2023-11-22,189.343017578125,5.33
2023-11-24,188.0167999267578,5.33
2023-11-27,187.8386383056641,5.33
2023-11-28,188.44236755371097,5.33
2023-11-29,187.42295837402344,5.33
2023-11-30,187.9969787597656,5.33
2023-12-01,189.2737274169922,5.33
2023-12-04,187.48231506347656,5.33
2023-12-05,191.4313201904297,5.33
2023-12-06,190.34263610839844,5.33
2023-12-07,192.27256774902344,5.33
2023-12-08,193.69776916503903,5.33
2023-12-11,191.19378662109375,5.33
2023-12-12,192.7080535888672,5.33
2023-12-13,195.9246368408203,5.33
2023-12-14,196.07308959960935,5.33
2023-12-15,195.53868103027344,5.33
2023-12-18,193.87591552734375,5.33
2023-12-19,194.9151306152344,5.33
2023-12-20,192.82684326171875,5.33
2023-12-21,192.67835998535156,5.33
2023-12-22,191.6094970703125,5.33
2023-12-26,191.0651092529297,5.33
2023-12-27,191.16407775878903,5.33
2023-12-28,191.5896453857422,5.33
2023-12-29,190.55044555664065,5.33
2024-01-02,183.73130798339844,5.33
2024-01-03,182.3555908203125,5.33
2024-01-04,180.03965759277344,5.33
2024-01-05,179.3171844482422,5.33
2024-01-08,183.652099609375,5.33
2024-01-09,183.23643493652344,5.33
2024-01-10,184.275634765625,5.33
2024-01-11,183.6818389892578,5.33
2024-01-12,184.0084228515625,5.33
2024-01-16,181.74197387695312,5.33
2024-01-17,180.80174255371097,5.33
2024-01-18,186.69058227539065,5.33
2024-01-19,189.5904235839844,5.33
2024-01-22,191.89646911621097,5.33
2024-01-23,193.1732177734375,5.33
2024-01-24,192.5002288818359,5.33
2024-01-25,192.17361450195312,5.33
2024-01-26,190.4416046142578,5.33
2024-01-29,189.7586975097656,5.33
2024-01-30,186.10662841796875,5.33
2024-01-31,182.5040283203125,5.33
2024-02-01,184.9387664794922,5.33
2024-02-02,183.93917846679688,5.33
2024-02-05,185.75035095214844,5.33
2024-02-06,187.3536834716797,5.33
2024-02-07,187.46255493164065,5.33
2024-02-08,186.38375854492188,5.33
2024-02-09,187.14682006835935,5.33
2024-02-12,185.4621429443359,5.33
2024-02-13,183.3711853027344,5.33
2024-02-14,182.4891815185547,5.33
2024-02-15,182.20181274414065,5.33
2024-02-16,180.66580200195312,5.33
2024-02-20,179.9225616455078,5.33
2024-02-21,180.6757049560547,5.33
2024-02-22,182.7071990966797,5.33
2024-02-23,180.8739013671875,5.33
2024-02-26,179.52615356445312,5.33
2024-02-27,180.98289489746097,5.33
2024-02-28,179.78382873535156,5.33
2024-02-29,179.11985778808594,5.33
2024-03-01,178.03968811035156,5.33
2024-03-04,173.5208282470703,5.33
2024-03-05,168.58572387695312,5.33
2024-03-06,167.59475708007812,5.33
2024-03-07,167.47579956054688,5.33
2024-03-08,169.1902313232422,5.33
2024-03-11,171.1920166015625,5.33
2024-03-12,171.66766357421875,5.33
2024-03-13,169.58660888671875,5.33
2024-03-14,171.4397430419922,5.33
2024-03-15,171.06317138671875,5.33
2024-03-18,172.1532440185547,5.33
2024-03-19,174.4919891357422,5.33
2024-03-20,177.05862426757812,5.33
2024-03-21,169.82443237304688,5.33
2024-03-22,170.72622680664062,5.33
2024-03-25,169.3091278076172,5.33
2024-03-26,168.17942810058594,5.33
2024-03-27,171.74693298339844,5.33
2024-03-28,169.9334716796875,5.33
2024-04-01,168.4965362548828,5.33
2024-04-02,167.3172607421875,5.33
2024-04-03,168.11996459960938,5.33
2024-04-04,167.29747009277344,5.33
2024-04-05,168.0506134033203,5.33
2024-04-08,166.9307861328125,5.33
2024-04-09,168.13978576660156,5.33
2024-04-10,166.26683044433594,5.33
2024-04-11,173.46133422851562,5.33
2024-04-12,174.95774841308594,5.33
2024-04-15,171.13253784179688,5.33
2024-04-16,167.8524169921875,5.33
2024-04-17,166.48484802246094,5.33
2024-04-18,165.5334930419922,5.33
2024-04-19,163.5118865966797,5.33
2024-04-22,164.3443145751953,5.33
2024-04-23,165.39474487304688,5.33
2024-04-24,167.4956512451172,5.33
2024-04-25,168.3577880859375,5.33
2024-04-26,167.77313232421875,5.33
2024-04-29,171.9352569580078,5.33
2024-04-30,168.79383850097656,5.33
2024-05-01,167.77313232421875,5.33
2024-05-02,171.46946716308594,5.33
2024-05-03,181.7261199951172,5.33
2024-05-06,180.0712127685547,5.33
2024-05-07,180.7549743652344,5.33
2024-05-08,181.0919189453125,5.33
2024-05-09,182.90542602539065,5.33
2024-05-10,181.64515686035156,5.33
2024-05-13,184.8503875732422,5.33
2024-05-14,185.99154663085935,5.33
2024-05-15,188.26397705078125,5.33
2024-05-16,188.38302612304688,5.33
2024-05-17,188.4128265380859,5.33
2024-05-20,189.5738220214844,5.33
2024-05-21,190.873779296875,5.33
2024-05-22,189.4348907470703,5.33
2024-05-23,185.44577026367188,5.33
2024-05-24,188.52198791503903,5.33
2024-05-28,188.53189086914065,5.33
2024-05-29,188.82958984375,5.33
2024-05-30,189.8218994140625,5.33
2024-05-31,190.7745361328125,5.33
2024-06-03,192.54087829589844,5.33
2024-06-04,192.85841369628903,5.33
2024-06-05,194.36676025390625,5.33
2024-06-06,192.9874267578125,5.33
2024-06-07,195.37893676757812,5.33
2024-06-10,191.6378631591797,5.33
2024-06-11,205.56019592285156,5.33
2024-06-12,211.43475341796875,5.33
2024-06-13,212.59576416015625,5.33
2024-06-14,210.8592071533203,5.33
2024-06-17,215.0071258544922,5.33
2024-06-18,212.64540100097656,5.33
2024-06-20,208.07078552246097,5.33
2024-06-21,205.8975830078125,5.33
2024-06-24,206.5426025390625,5.33
2024-06-25,207.46546936035156,5.33
2024-06-26,211.6133728027344,5.33
2024-06-27,212.45684814453125,5.33
2024-06-28,209.00355529785156,5.33
2024-07-01,215.08653259277344,5.33
2024-07-02,218.5795135498047,5.33
2024-07-03,219.8496551513672,5.33
2024-07-05,224.60292053222656,5.33
2024-07-08,226.0715789794922,5.33
2024-07-09,226.9249725341797,5.33
2024-07-10,231.1919403076172,5.33
2024-07-11,225.823486328125,5.33
2024-07-12,228.7706756591797,5.33
2024-07-15,232.60105895996097,5.33
2024-07-16,233.01785278320312,5.33
2024-07-17,227.12342834472656,5.33
2024-07-18,222.45948791503903,5.33
2024-07-19,222.5885009765625,5.33
2024-07-22,222.2412109375,5.33
2024-07-23,223.28309631347656,5.33
2024-07-24,216.86277770996097,5.33
2024-07-25,215.82086181640625,5.33
2024-07-26,216.2872314453125,5.33
2024-07-29,216.56507873535156,5.33
2024-07-30,217.12078857421875,5.33
2024-07-31,220.3756103515625,5.33
2024-08-01,216.68414306640625,5.33
2024-08-02,218.1726531982422,5.33
2024-08-05,207.6639404296875,5.33
2024-08-06,205.63958740234375,5.33
2024-08-07,208.2097320556641,5.33
2024-08-08,211.6729278564453,5.33
2024-08-09,214.58042907714844,5.33
2024-08-12,216.11038208007812,5.33
2024-08-13,219.82598876953125,5.33
2024-08-14,220.27305603027344,5.33
2024-08-15,223.25347900390625,5.33
2024-08-16,224.5747985839844,5.33
2024-08-19,224.41583251953125,5.33
2024-08-20,225.0317840576172,5.33
2024-08-21,224.92250061035156,5.33
2024-08-22,223.064697265625,5.33
2024-08-23,225.3596343994141,5.33
2024-08-26,225.69740295410156,5.33
2024-08-27,226.5418701171875,5.33
2024-08-28,225.0119171142578,5.33
2024-08-29,228.29037475585935,5.33
2024-08-30,227.5055389404297,5.33
2024-09-03,221.3162078857422,5.13
2024-09-04,219.40872192382812,5.13
2024-09-05,220.92872619628903,5.13
2024-09-06,219.37892150878903,5.13
2024-09-09,219.4683380126953,5.13
2024-09-10,218.67355346679688,5.13
2024-09-11,221.2069091796875,5.13
2024-09-12,221.3162078857422,5.13
2024-09-13,221.0479736328125,5.13
2024-09-16,214.90830993652344,5.13
2024-09-17,215.3751983642578,5.13
2024-09-18,219.249755859375,5.13
2024-09-19,227.3763885498047,5.13
2024-09-20,226.71075439453125,5.13
2024-09-23,224.99203491210935,5.13
2024-09-24,225.88616943359375,5.13
2024-09-25,224.8927001953125,5.13
2024-09-26,226.0352020263672,5.13
2024-09-27,226.30343627929688,5.13
2024-09-30,231.4794464111328,5.13
2024-10-01,224.73374938964844,4.83
2024-10-02,225.3000335693359,4.83
2024-10-03,224.197265625,4.83
2024-10-04,225.31988525390625,4.83
2024-10-07,220.2432403564453,4.83
2024-10-08,224.296630859375,4.83
2024-10-09,228.04200744628903,4.83
2024-10-10,227.54527282714844,4.83
2024-10-11,226.0650177001953,4.83
2024-10-14,229.79052734375,4.83
2024-10-15,232.3238983154297,4.83
2024-10-16,230.2673797607422,4.83
2024-10-17,230.6349945068359,4.83
2024-10-18,233.46636962890625,4.83
2024-10-21,234.93670654296875,4.83
2024-10-22,234.32077026367188,4.83
2024-10-23,229.25405883789065,4.83
2024-10-24,229.06529235839844,4.83
2024-10-25,229.8998260498047,4.83
2024-10-28,231.87681579589844,4.83
2024-10-29,232.14505004882812,4.83
2024-10-30,228.59835815429688,4.83
2024-10-31,224.4357147216797,4.83
2024-11-01,221.4552764892578,4.64
2024-11-04,220.5611572265625,4.64
2024-11-05,221.99176025390625,4.64
2024-11-06,221.2665100097656,4.64
2024-11-07,225.99545288085935,4.64
2024-11-08,225.7269287109375,4.64
2024-11-11,223.01174926757812,4.64
2024-11-12,223.01174926757812,4.64
2024-11-13,223.89691162109375,4.64
2024-11-14,226.9801025390625,4.64
2024-11-15,223.7775726318359,4.64
2024-11-18,226.7811737060547,4.64
2024-11-19,227.03973388671875,4.64
2024-11-20,227.75584411621097,4.64
2024-11-21,227.27845764160156,4.64
2024-11-22,228.62110900878903,4.64
2024-11-25,231.6048126220703,4.64
2024-11-26,233.7829132080078,4.64
2024-11-27,233.6536102294922,4.64
2024-11-29,236.04058837890625,4.64
2024-12-02,238.28829956054688,4.48
2024-12-03,241.33168029785156,4.48
2024-12-04,241.68972778320312,4.48
2024-12-05,241.7195587158203,4.48
2024-12-06,241.52064514160156,4.48
2024-12-09,245.40939331054688,4.48
2024-12-10,246.42385864257812,4.48
2024-12-11,245.15081787109375,4.48
2024-12-12,246.61282348632812,4.48
2024-12-13,246.78192138671875,4.48
2024-12-16,249.6760711669922,4.48
2024-12-17,252.1028289794922,4.48
2024-12-18,246.7023468017578,4.48
2024-12-19,248.4328765869141,4.48
2024-12-20,253.1073455810547,4.48
2024-12-23,253.8831024169922,4.48
2024-12-24,256.7972106933594,4.48
2024-12-26,257.61273193359375,4.48
2024-12-27,254.20135498046875,4.48
2024-12-30,250.82977294921875,4.48
